user,precision10,recall10,ndcg10,mrr10,target_in_train
000db80e6a62631f5c98,0.0,0.0,0.0,0.0,False
002a2f1a454d935040cf,0.0,0.0,0.0,0.0,True
0058755ed2f549833d40,0.0,0.0,0.0,0.0,True
00982d06aa2cc35e6670,0.0,0.0,0.0,0.0,True
00d0b7591b1a365c59ea,0.0,0.0,0.0,0.0,True
00de237d0645a5c5c293,0.1,1.0,0.31546487678572877,0.125,True
0111fbec5b6b9dcafd76,0.0,0.0,0.0,0.0,True
0118593dce4dcc0c199e,0.0,0.0,0.0,0.0,True
011fca3467769e9bf51b,0.0,0.0,0.0,0.0,True
0136687df8fea2b37247,0.0,0.0,0.0,0.0,True
014dbe31e19ed21d2d1d,0.1,1.0,0.31546487678572877,0.125,True
016aa857d6f8bc370cec,0.0,0.0,0.0,0.0,True
017b2c7db7defeae05ea,0.0,0.0,0.0,0.0,True
017e927424e3c3dbbbfd,0.0,0.0,0.0,0.0,True
01b0dff1918f01efd4fa,0.1,1.0,0.6309297535714575,0.5,True
01e3950ebeacedd810fe,0.0,0.0,0.0,0.0,True
01e9cba96caa1991c1e1,0.1,1.0,1.0,1.0,True
02070f9b13b468dad4ad,0.0,0.0,0.0,0.0,True
0208eef2f3146a01187d,0.0,0.0,0.0,0.0,True
02166108dca97e4283ec,0.1,1.0,0.6309297535714575,0.5,True
02245f42f605094b6797,0.0,0.0,0.0,0.0,True
022f457d7d97a1c66c03,0.0,0.0,0.0,0.0,True
025bd995f591af5512ce,0.0,0.0,0.0,0.0,True
0262dfc626bf5ebf9f61,0.0,0.0,0.0,0.0,True
0265864d3ece6a2e0939,0.0,0.0,0.0,0.0,True
026ff069537ac5a1c8b3,0.0,0.0,0.0,0.0,True
02847d19818b85acfe57,0.0,0.0,0.0,0.0,True
028f5fe7d2cd46eb3577,0.0,0.0,0.0,0.0,True
02e2c53d77225982c0cc,0.1,1.0,1.0,1.0,True
030aa27fb2c5b8806eca,0.0,0.0,0.0,0.0,True
0313b22e8f7b304683f9,0.0,0.0,0.0,0.0,True
031df36a24a5c638c2c5,0.0,0.0,0.0,0.0,True
034ac3abe07201eb6644,0.1,1.0,0.6309297535714575,0.5,True
036bcb032e7499fa95c5,0.0,0.0,0.0,0.0,True
036fffbf2ea5fd16b93d,0.0,0.0,0.0,0.0,True
03ac8bd14dcf1737c902,0.0,0.0,0.0,0.0,True
03ae991c2ada2d96774b,0.0,0.0,0.0,0.0,True
03d5024468e511a0c922,0.0,0.0,0.0,0.0,True
03fb11d379bbb97237f2,0.0,0.0,0.0,0.0,True
03ff94913f727f79a736,0.0,0.0,0.0,0.0,True
03ff9dab153cfe9693c9,0.1,1.0,1.0,1.0,True
04a0a157e42309e00fed,0.0,0.0,0.0,0.0,True
04a1291581b1e8a8c935,0.0,0.0,0.0,0.0,True
04a6d8c3e2b7e968fe51,0.0,0.0,0.0,0.0,True
04adb2e981e31ded114b,0.1,1.0,1.0,1.0,True
04b9cbf49dffc37c2236,0.0,0.0,0.0,0.0,True
04bc3213d94937c1e1c8,0.0,0.0,0.0,0.0,True
04bda4adbd8efe700a15,0.0,0.0,0.0,0.0,True
04caf9b89438dfd6f5c8,0.0,0.0,0.0,0.0,True
04d5f25207134ecde399,0.0,0.0,0.0,0.0,True
04dbffef0443c8112b63,0.0,0.0,0.0,0.0,False
04f968f7cabb790769ef,0.0,0.0,0.0,0.0,True
04fc83f1a6c8e52469ce,0.0,0.0,0.0,0.0,False
050bda8b7fe42da9c7c8,0.1,1.0,0.6309297535714575,0.5,True
051dc01a8bb7e1a118a0,0.0,0.0,0.0,0.0,True
0531205d1e7c1e7193f2,0.0,0.0,0.0,0.0,True
053933ae2a7a6c677c3a,0.1,1.0,0.3562071871080222,0.16666666666666666,True
055608d3bfc87ef42522,0.0,0.0,0.0,0.0,True
0566a0c446b1bb92c29d,0.0,0.0,0.0,0.0,True
057eda318d594ca83d9c,0.1,1.0,0.5,0.3333333333333333,True
05921898c0bf0582822f,0.0,0.0,0.0,0.0,True
05e248ba047b0a620caf,0.0,0.0,0.0,0.0,True
060969c6f7083872f757,0.0,0.0,0.0,0.0,True
063c4d49a41ab92e83cc,0.1,1.0,0.5,0.3333333333333333,True
065ab84a109427e9329a,0.0,0.0,0.0,0.0,True
0688cf5834242f1872b1,0.1,1.0,0.31546487678572877,0.125,True
0695145d0ea38aa6bb42,0.0,0.0,0.0,0.0,True
06a3bbd54c5bd85c6ae8,0.0,0.0,0.0,0.0,True
06be0491745da2866143,0.0,0.0,0.0,0.0,True
06ebf598a80690b4ae9d,0.0,0.0,0.0,0.0,True
0705302f4eb95fbc787b,0.0,0.0,0.0,0.0,True
071bb65e1a1f5d8fd290,0.0,0.0,0.0,0.0,True
07204bd953efab84d264,0.0,0.0,0.0,0.0,True
0724f9345b1f1b251020,0.1,1.0,0.3010299956639812,0.1111111111111111,True
074effacc561256abcc7,0.0,0.0,0.0,0.0,True
075439aa2f3bd34ca466,0.0,0.0,0.0,0.0,True
07870767df589cdf0a2b,0.1,1.0,0.6309297535714575,0.5,True
07a87815b92f15f536d5,0.0,0.0,0.0,0.0,True
07caa4f75b0069106705,0.1,1.0,0.38685280723454163,0.2,True
0814d4c6c221ab1270a6,0.0,0.0,0.0,0.0,True
082515b3081c141a9289,0.1,1.0,0.38685280723454163,0.2,True
0831a5a9d24a9b946b46,0.0,0.0,0.0,0.0,True
083293e650778536c8e1,0.0,0.0,0.0,0.0,True
083b5400af8888e3294e,0.0,0.0,0.0,0.0,True
086740bdcbe7c99baa28,0.0,0.0,0.0,0.0,True
089b653302503fcd73b7,0.0,0.0,0.0,0.0,True
08e0dbcb2e398617c0d1,0.0,0.0,0.0,0.0,True
08e4a69a41fd01bf6c83,0.0,0.0,0.0,0.0,True
08e5e9a0abc6064483a9,0.1,1.0,1.0,1.0,True
08f031a92f93043bba64,0.0,0.0,0.0,0.0,True
09238661564abe21e493,0.0,0.0,0.0,0.0,True
094467c6b2bf5a3ca6ff,0.1,1.0,0.6309297535714575,0.5,True
09472a36b464e70c14af,0.1,1.0,0.43067655807339306,0.25,True
0950d9536b1f7211f69b,0.0,0.0,0.0,0.0,True
09600aefb2093470e857,0.0,0.0,0.0,0.0,True
09619a22df3fc2bee398,0.1,1.0,0.3333333333333333,0.14285714285714285,True
09a482761447c98348c6,0.1,1.0,0.43067655807339306,0.25,True
09a5c8167d87e1121092,0.0,0.0,0.0,0.0,True
09ae99f50ea9d1c3903b,0.0,0.0,0.0,0.0,True
09f63ee7a400ac6b7e76,0.1,1.0,1.0,1.0,True
0a523627ccb6112515aa,0.0,0.0,0.0,0.0,True
0a773ca790153c7d684a,0.0,0.0,0.0,0.0,True
0a990781884283b380e1,0.0,0.0,0.0,0.0,True
0aefecf2334200a7540e,0.0,0.0,0.0,0.0,True
0b6bfc69982e3e649b84,0.1,1.0,0.6309297535714575,0.5,True
0b96d641f9d49f5f18e1,0.0,0.0,0.0,0.0,True
0b9ba80b6aa625ea3555,0.0,0.0,0.0,0.0,True
0b9d69cedb9acb926abe,0.0,0.0,0.0,0.0,True
0bad26103879981e8381,0.0,0.0,0.0,0.0,True
0bc1ae93b198a37acb02,0.1,1.0,0.43067655807339306,0.25,True
0c283ef986c68bc35aee,0.0,0.0,0.0,0.0,True
0c3adaf599ef69938345,0.0,0.0,0.0,0.0,True
0c50d9c69dcc03ea6928,0.0,0.0,0.0,0.0,True
0ca8a5c5ebb46e277424,0.0,0.0,0.0,0.0,True
0cb4148a667ec75081bb,0.1,1.0,0.5,0.3333333333333333,True
0cd2be1ffa206fde1d70,0.0,0.0,0.0,0.0,True
0cdfe4419c2e764f46ce,0.1,1.0,0.3333333333333333,0.14285714285714285,True
0cf9425b4a808bdbe731,0.0,0.0,0.0,0.0,True
0d27796c2f8615361a10,0.0,0.0,0.0,0.0,True
0d29043ac846ef85d0a4,0.0,0.0,0.0,0.0,True
0d3a853a1fb60bc0e6a7,0.1,1.0,1.0,1.0,True
0d3cc0d6f6ad2de7e6ed,0.0,0.0,0.0,0.0,True
0d6a0dbf5ef501ea8d16,0.0,0.0,0.0,0.0,True
0d741908ba9e7d730ebb,0.0,0.0,0.0,0.0,True
0d7bba2646343665644b,0.0,0.0,0.0,0.0,True
0d990d978e6776aba907,0.0,0.0,0.0,0.0,True
0d9f19fbafe51ba01343,0.0,0.0,0.0,0.0,True
0dac33ab983c4d0b3cf3,0.1,1.0,1.0,1.0,True
0e0212a62a08bca312f5,0.0,0.0,0.0,0.0,True
0e0f74f10e427f4ddaa2,0.1,1.0,0.6309297535714575,0.5,True
0e189c25e7443da7c860,0.0,0.0,0.0,0.0,True
0e2827dac136c21e89bd,0.0,0.0,0.0,0.0,True
0e3ebe9ee0421811d4bb,0.0,0.0,0.0,0.0,True
0e5ddbcf4fa266f441b5,0.1,1.0,0.43067655807339306,0.25,True
0e606316fb83e99ac722,0.0,0.0,0.0,0.0,True
0e633e09ccb0e90afbfc,0.0,0.0,0.0,0.0,True
0e8014f0bc8d87706ce2,0.1,1.0,1.0,1.0,True
0ec9af679da13394ebbb,0.0,0.0,0.0,0.0,True
0f047482143cde32edba,0.1,1.0,1.0,1.0,True
0f2bc9d08b2cf7d00bdb,0.0,0.0,0.0,0.0,True
0f4d65115f026d6f30f2,0.0,0.0,0.0,0.0,True
0f856a97b8cf64d0eb4f,0.0,0.0,0.0,0.0,True
0f85bb1a0499ae66faf9,0.0,0.0,0.0,0.0,True
0fc93c9cfaa6129b76e6,0.0,0.0,0.0,0.0,True
0ff09d9047794673e2af,0.0,0.0,0.0,0.0,True
0fffe3e1e34f8eaaa688,0.1,1.0,1.0,1.0,True
103ac5ffbdcd855c5919,0.0,0.0,0.0,0.0,True
1056c910b9eb2f0b906f,0.0,0.0,0.0,0.0,True
1057a935c9ddd2ca2174,0.0,0.0,0.0,0.0,True
105a0ade4e5182faef07,0.0,0.0,0.0,0.0,True
1090c5d60173278c9c64,0.1,1.0,0.31546487678572877,0.125,True
109cb27cf83d681fdb96,0.0,0.0,0.0,0.0,True
10f8f63a9be107fc3011,0.0,0.0,0.0,0.0,True
110e21923e2d33b5c442,0.0,0.0,0.0,0.0,True
112788dda65403b87ef4,0.0,0.0,0.0,0.0,True
113d95057eed8d0b0896,0.0,0.0,0.0,0.0,True
11460bae7844bd71aff8,0.0,0.0,0.0,0.0,True
114942213fbb12d4d998,0.1,1.0,1.0,1.0,True
115e10cefaf569811ff6,0.1,1.0,0.31546487678572877,0.125,True
116937027674c28bac07,0.0,0.0,0.0,0.0,True
11d9fa5cff907d62177d,0.0,0.0,0.0,0.0,True
11f8f370ddce362170cb,0.1,1.0,0.6309297535714575,0.5,True
128504e3af15167302d5,0.0,0.0,0.0,0.0,True
12d4be324f5e60c0fb35,0.0,0.0,0.0,0.0,True
12e361bc73a3870c3fa9,0.0,0.0,0.0,0.0,True
12e9ccaaa8868ebf0f62,0.0,0.0,0.0,0.0,True
13665594da5d41c4af9e,0.1,1.0,0.6309297535714575,0.5,True
138c26ec2cbae30fd4e7,0.0,0.0,0.0,0.0,True
13af936d5da112e963a3,0.0,0.0,0.0,0.0,True
13af9e88fc4dcc0dcbf4,0.0,0.0,0.0,0.0,True
13b1ccc6b1cf58f411d5,0.0,0.0,0.0,0.0,True
13d7b92bb547e1d42c69,0.0,0.0,0.0,0.0,True
14212695f208c969ae7c,0.0,0.0,0.0,0.0,True
142403bed1e844a69c64,0.1,1.0,1.0,1.0,True
142ed475e89f3755e894,0.1,1.0,0.31546487678572877,0.125,True
14313d566a80a7073bc4,0.0,0.0,0.0,0.0,False
144c19a799cbe4a2860c,0.0,0.0,0.0,0.0,True
144c401c46500c0778a6,0.0,0.0,0.0,0.0,True
145e7470889a0b7dd8c7,0.0,0.0,0.0,0.0,True
146eab310cd8a4bf050d,0.0,0.0,0.0,0.0,True
148a45a234532b32afeb,0.0,0.0,0.0,0.0,True
14e2f323a4cb997dd592,0.0,0.0,0.0,0.0,True
15357f2b578592f9f20b,0.0,0.0,0.0,0.0,True
15703872f8638a873756,0.1,1.0,0.3562071871080222,0.16666666666666666,True
1578b41da41fabc63f6e,0.0,0.0,0.0,0.0,True
158fa8ac5cc47d387051,0.0,0.0,0.0,0.0,True
15aba459774caa13322a,0.0,0.0,0.0,0.0,True
15be96303e215bbc11b2,0.0,0.0,0.0,0.0,True
15c6368e804ffb5cead6,0.1,1.0,0.6309297535714575,0.5,True
15c88044ae7e23bb18dd,0.0,0.0,0.0,0.0,True
15ca0e1bc560c6721dd6,0.0,0.0,0.0,0.0,True
161076ede2bab135dbc6,0.0,0.0,0.0,0.0,True
162e2359a524119e72bf,0.0,0.0,0.0,0.0,True
162e90748fdd39357d54,0.1,1.0,1.0,1.0,True
16488d30f21559e7f8db,0.0,0.0,0.0,0.0,True
165feaef62f304e0c300,0.1,1.0,0.38685280723454163,0.2,True
16861c0251f0550db973,0.0,0.0,0.0,0.0,True
1689c2fbb753fab307d4,0.0,0.0,0.0,0.0,True
169a8516b8d17b7708fb,0.0,0.0,0.0,0.0,True
169b74238e59cdb4f733,0.1,1.0,0.5,0.3333333333333333,True
16a010a7091638625985,0.0,0.0,0.0,0.0,True
170df45119f7e06706b0,0.0,0.0,0.0,0.0,True
173ea3669034e603bf35,0.0,0.0,0.0,0.0,True
173fb2fc016297c9d0ee,0.0,0.0,0.0,0.0,False
17401cb168634c2cbe96,0.0,0.0,0.0,0.0,True
174072298603ed939dcb,0.0,0.0,0.0,0.0,True
174ce714c7f4e69dc35b,0.0,0.0,0.0,0.0,True
176511ab1a1bc40e9db6,0.0,0.0,0.0,0.0,True
1773f1ad4b8c5ff26c69,0.0,0.0,0.0,0.0,True
1780273676f3e4bbeaa2,0.0,0.0,0.0,0.0,True
1797ea112b0793d16318,0.0,0.0,0.0,0.0,True
17a4600fc41a3aa6408e,0.1,1.0,0.38685280723454163,0.2,True
17ab30621dee1cd9de3c,0.1,1.0,0.43067655807339306,0.25,True
17ada775a92f7c56eab7,0.1,1.0,0.3010299956639812,0.1111111111111111,True
17bf4401d6925b51e440,0.0,0.0,0.0,0.0,True
17f968c0178b29753c05,0.0,0.0,0.0,0.0,True
180015a647dec2347013,0.1,1.0,0.43067655807339306,0.25,True
1811e2e3f36bb1a2ab95,0.0,0.0,0.0,0.0,True
181f22cdcaae51596f86,0.0,0.0,0.0,0.0,True
188f9cc2672d957f1b1b,0.0,0.0,0.0,0.0,True
18b94e5a3c587ce273d5,0.0,0.0,0.0,0.0,True
18c652740550ce2cbdbb,0.0,0.0,0.0,0.0,True
18d7428fedb4649481ae,0.0,0.0,0.0,0.0,True
18fc1c926a729c930880,0.0,0.0,0.0,0.0,True
1939dd42df5bff771623,0.0,0.0,0.0,0.0,True
1957a886ea4e9ded73bd,0.1,1.0,0.5,0.3333333333333333,True
19a7c1e606d67feeb50a,0.0,0.0,0.0,0.0,True
19abf0e1f0caa15b25ca,0.0,0.0,0.0,0.0,True
19b32a6731aaacb04622,0.0,0.0,0.0,0.0,True
19c59e34c1b0e195b555,0.0,0.0,0.0,0.0,True
19f0e07e673bba37cf4b,0.1,1.0,0.38685280723454163,0.2,True
1a18a734a6aac4b36258,0.0,0.0,0.0,0.0,True
1a320e846390934d7cf3,0.1,1.0,0.5,0.3333333333333333,True
1a60e02fde065fd8d859,0.0,0.0,0.0,0.0,True
1a7c374beeb2aa7f01b9,0.0,0.0,0.0,0.0,True
1a8013abf16d765c860f,0.0,0.0,0.0,0.0,True
1a96f42dbfa0aea5e0aa,0.0,0.0,0.0,0.0,True
1a9e96e094caded73ad6,0.0,0.0,0.0,0.0,True
1ab3dcf195daea7b54c4,0.0,0.0,0.0,0.0,True
1ab8a90e375fe2179837,0.0,0.0,0.0,0.0,True
1abb30c61683a65da2f2,0.0,0.0,0.0,0.0,True
1ace0233223aba486c9a,0.0,0.0,0.0,0.0,True
1b0961982ab3deed4dc0,0.1,1.0,0.3333333333333333,0.14285714285714285,True
1b24ddd0789ae34f77ce,0.0,0.0,0.0,0.0,True
1b3d804636f970a28833,0.1,1.0,0.43067655807339306,0.25,True
1b4414bdaee935539bc6,0.0,0.0,0.0,0.0,True
1b47be1ab25826d2c508,0.0,0.0,0.0,0.0,True
1b51f4e76b0a9ec27280,0.0,0.0,0.0,0.0,True
1bac015ed36457891c99,0.0,0.0,0.0,0.0,True
1bb7a1054e9a2a33104c,0.0,0.0,0.0,0.0,True
1bb89fad4fb31c76f658,0.0,0.0,0.0,0.0,True
1bc644d8199a4a1355d7,0.0,0.0,0.0,0.0,True
1bfd29a09332b13e42ea,0.1,1.0,0.6309297535714575,0.5,True
1c0a7682e84496608278,0.0,0.0,0.0,0.0,True
1c1fc4a6c129b80de367,0.0,0.0,0.0,0.0,True
1c38562363413b723498,0.1,1.0,0.6309297535714575,0.5,True
1c3cb36b4ca0e4ccf719,0.1,1.0,0.5,0.3333333333333333,True
1c6d3796f5f705d760b8,0.0,0.0,0.0,0.0,True
1c7133932baffb1e7fe4,0.0,0.0,0.0,0.0,True
1c91159270b95e70f3fe,0.0,0.0,0.0,0.0,True
1cb2a6a01e41787d129f,0.0,0.0,0.0,0.0,True
1cb43430cc82699b981d,0.0,0.0,0.0,0.0,True
1cd3e5dc99ad7caa8d10,0.0,0.0,0.0,0.0,True
1ce99e4a70f621800b7b,0.0,0.0,0.0,0.0,False
1d0464a7177db075a78d,0.0,0.0,0.0,0.0,True
1d285769f16dc568c390,0.0,0.0,0.0,0.0,True
1d696349e7dfd2c14212,0.0,0.0,0.0,0.0,True
1d7cda2237d51eadbf2d,0.0,0.0,0.0,0.0,True
1d90ab19c3e1b44547f6,0.0,0.0,0.0,0.0,True
1da5266b980ec9de1a40,0.0,0.0,0.0,0.0,True
1da8996fb65f6eddfe8c,0.0,0.0,0.0,0.0,True
1db0281c5e2c863ca998,0.0,0.0,0.0,0.0,True
1dde7a0ae4021b95d27e,0.0,0.0,0.0,0.0,True
1de2af787908a724d916,0.0,0.0,0.0,0.0,True
1e1d289798ff10bf36a9,0.0,0.0,0.0,0.0,True
1e28b6bea2b96330442b,0.1,1.0,0.31546487678572877,0.125,True
1e35240a8c261234246a,0.0,0.0,0.0,0.0,True
1e497cbb1afe8ff03ac4,0.0,0.0,0.0,0.0,True
1e4996cbe7f2b7dc4ff8,0.1,1.0,0.6309297535714575,0.5,True
1e50f96025ffca13116f,0.0,0.0,0.0,0.0,True
1ec276794616e9c5d990,0.1,1.0,0.6309297535714575,0.5,True
1ed2781237e7fd385ace,0.0,0.0,0.0,0.0,True
1f7135b1e4dc8592152a,0.1,1.0,0.6309297535714575,0.5,True
1f8578a588f3ea6a186b,0.0,0.0,0.0,0.0,True
1fb6ad268380dcb2611c,0.0,0.0,0.0,0.0,True
1fc91e469ca2009870e8,0.0,0.0,0.0,0.0,True
201af349bec164f26db4,0.1,1.0,1.0,1.0,True
205ac1032f882045ee41,0.0,0.0,0.0,0.0,True
20c6e79bc8d1a0d4867c,0.1,1.0,0.6309297535714575,0.5,True
20f4b6d6ac2e18bee998,0.0,0.0,0.0,0.0,True
2137d9a535d17174021a,0.0,0.0,0.0,0.0,True
216778b2a37869a5eb69,0.0,0.0,0.0,0.0,True
2199abf4a5e101b2ce7f,0.0,0.0,0.0,0.0,False
21c6deaba40943acac0f,0.0,0.0,0.0,0.0,True
21e6671ce993aa3aac64,0.0,0.0,0.0,0.0,True
21edcb7c09e3d9978610,0.0,0.0,0.0,0.0,True
2210ec832ca5b389a781,0.0,0.0,0.0,0.0,True
22675251cf9f57d78e39,0.0,0.0,0.0,0.0,True
226ab04848479e4a4e34,0.0,0.0,0.0,0.0,True
226be359220b95a47cd4,0.0,0.0,0.0,0.0,True
227876aaf96f454b6ec2,0.1,1.0,0.3562071871080222,0.16666666666666666,True
227d52b2a28e9c492359,0.0,0.0,0.0,0.0,False
228110f4a440b5521c49,0.0,0.0,0.0,0.0,True
22949c3c9b65b86bb720,0.0,0.0,0.0,0.0,True
22bdd5eb28ed4f7b9804,0.1,1.0,0.43067655807339306,0.25,True
22c99bc6985c097a0e61,0.0,0.0,0.0,0.0,True
22c9aa22e449e709307f,0.0,0.0,0.0,0.0,True
22d0c194409cd52b6a24,0.0,0.0,0.0,0.0,True
22d7391c75d9cf16bb03,0.1,1.0,1.0,1.0,True
233bafba3c604facf8c9,0.0,0.0,0.0,0.0,True
237414ddb7156c692af8,0.0,0.0,0.0,0.0,True
23b3119798776a69d8b0,0.0,0.0,0.0,0.0,True
23f1e7844924b22f4d95,0.0,0.0,0.0,0.0,True
24094d1924991eabf292,0.0,0.0,0.0,0.0,True
2421d1fc31de4fa626e7,0.0,0.0,0.0,0.0,True
242885db683806ab1bca,0.0,0.0,0.0,0.0,True
242cb503316f9ff72594,0.0,0.0,0.0,0.0,True
2475afe9d3e80d5ab5c3,0.0,0.0,0.0,0.0,True
2484600845608c8e8fba,0.0,0.0,0.0,0.0,True
24c3da086322b4fa3c0f,0.0,0.0,0.0,0.0,True
24e1804789178689664c,0.0,0.0,0.0,0.0,True
24eed85391be55ad43b3,0.0,0.0,0.0,0.0,True
250b6371d89be9c82d3a,0.0,0.0,0.0,0.0,True
2533354d8fa77fcf49f5,0.0,0.0,0.0,0.0,True
2537aaf5c68583c07a0c,0.0,0.0,0.0,0.0,True
25511237a3e6845f40d4,0.0,0.0,0.0,0.0,True
25b2af0d67ee430796ec,0.0,0.0,0.0,0.0,True
25bc52cc945dde463f21,0.0,0.0,0.0,0.0,True
25fb1cc032c2b50ce3f3,0.0,0.0,0.0,0.0,True
25fc32e04cfc1abab6c1,0.1,1.0,0.6309297535714575,0.5,True
26045c5c91086a9b679b,0.0,0.0,0.0,0.0,True
2607f36828f56790f5af,0.0,0.0,0.0,0.0,True
261749cb4c5f8fbe3c8a,0.0,0.0,0.0,0.0,True
2636c4c1c77f97b921f6,0.0,0.0,0.0,0.0,True
264bf89a32dc7b203ea3,0.1,1.0,0.5,0.3333333333333333,True
266d7c44397e44f65846,0.1,1.0,1.0,1.0,True
2673d5c94e71cef78905,0.0,0.0,0.0,0.0,True
26afef1aabe28838713a,0.0,0.0,0.0,0.0,True
26ebf3198703f70d3af7,0.0,0.0,0.0,0.0,True
26ef0f434d790f4002c3,0.0,0.0,0.0,0.0,True
26fc0630337f43608002,0.0,0.0,0.0,0.0,True
273a582570c28b13b58e,0.0,0.0,0.0,0.0,True
274f90ea8702dd981279,0.0,0.0,0.0,0.0,False
2753ad9d3bc82a4889bb,0.0,0.0,0.0,0.0,True
2758ee1c99da95aece7e,0.0,0.0,0.0,0.0,True
2765235d07a0e3417d4f,0.0,0.0,0.0,0.0,True
27a77bbd5823217232b6,0.0,0.0,0.0,0.0,False
27d57d2052048a58da08,0.0,0.0,0.0,0.0,True
27f4d6846012fcb78805,0.0,0.0,0.0,0.0,True
27fdbe0f8e24f72e0bfd,0.0,0.0,0.0,0.0,True
27ff5a992d5fdb94ad2a,0.0,0.0,0.0,0.0,True
2809c625a63d8c54e1e2,0.0,0.0,0.0,0.0,True
28311ac5d2803d74cfbb,0.0,0.0,0.0,0.0,True
283b5991cce4499fad25,0.0,0.0,0.0,0.0,True
283c8d38dc9db24e752b,0.0,0.0,0.0,0.0,True
286a9ee0612819b180fc,0.0,0.0,0.0,0.0,True
287e255f939b8788cdc8,0.0,0.0,0.0,0.0,True
28a464bb5184c2d2461b,0.0,0.0,0.0,0.0,True
28d8b427c7ced4b6bbb7,0.0,0.0,0.0,0.0,True
28dcd4860fc3f0e9e6a2,0.0,0.0,0.0,0.0,True
28f86aa0c1fb49980419,0.0,0.0,0.0,0.0,True
28f8c03aa5a5b755d282,0.0,0.0,0.0,0.0,True
2925c0449483cf04388b,0.0,0.0,0.0,0.0,True
2939030c8eedbf7d33fc,0.0,0.0,0.0,0.0,True
296111430402785c0f04,0.0,0.0,0.0,0.0,True
2964d7322f6b26514dd2,0.0,0.0,0.0,0.0,True
29673dadadfb04e50176,0.0,0.0,0.0,0.0,True
2982d08be18ef618a674,0.1,1.0,0.2890648263178879,0.1,True
2986fe4fe540bee9903d,0.0,0.0,0.0,0.0,True
298f44b6e4072f4316a5,0.0,0.0,0.0,0.0,True
2995b317833c47557575,0.0,0.0,0.0,0.0,False
299e65cdf4462a5509f1,0.0,0.0,0.0,0.0,True
29a6086db213f8b24d91,0.1,1.0,0.6309297535714575,0.5,True
29ad537e9225c9616fca,0.0,0.0,0.0,0.0,True
29b10dcc63756336c780,0.0,0.0,0.0,0.0,True
29c4309166f20d2e4bd6,0.0,0.0,0.0,0.0,True
29d81d7636d0fbee688a,0.0,0.0,0.0,0.0,True
29e94c7bd42472dc48b2,0.1,1.0,0.6309297535714575,0.5,True
2a233eb2259092e67dfc,0.0,0.0,0.0,0.0,True
2a7927eeff8ebbce6fd0,0.0,0.0,0.0,0.0,True
2a793d2ac1c9be18294f,0.0,0.0,0.0,0.0,True
2aa0d845758815f1286a,0.0,0.0,0.0,0.0,True
2ae5125e58b983836fb5,0.1,1.0,0.5,0.3333333333333333,True
2b0094c7d059005cac65,0.0,0.0,0.0,0.0,True
2b0664eeffc5ebbe678e,0.0,0.0,0.0,0.0,True
2b36bf00d8ee3bc18fc3,0.0,0.0,0.0,0.0,True
2b660495a35269a4447c,0.0,0.0,0.0,0.0,True
2b9e3426f98787dce258,0.0,0.0,0.0,0.0,True
2ba7502ae82b1435e5c3,0.0,0.0,0.0,0.0,True
2ba810829c961c9fa9ab,0.1,1.0,0.2890648263178879,0.1,True
2bf9a6ff75fb460cee14,0.0,0.0,0.0,0.0,True
2bfa81aea083c0f62e0d,0.0,0.0,0.0,0.0,True
2c10f79cb49c0045ecaf,0.0,0.0,0.0,0.0,True
2c1104975de5bfe50c71,0.0,0.0,0.0,0.0,True
2c5a8e9756b7c83f1e1f,0.0,0.0,0.0,0.0,False
2c70b62d71e2b915dd13,0.0,0.0,0.0,0.0,True
2c83ba1bb7ae64789e8c,0.0,0.0,0.0,0.0,True
2c8f4f36f9136dc659e5,0.1,1.0,0.6309297535714575,0.5,True
2c902f30302889d9e06c,0.0,0.0,0.0,0.0,True
2c9e00a0aee287daf56e,0.0,0.0,0.0,0.0,True
2ccdb622e04bf12eb9fe,0.0,0.0,0.0,0.0,True
2d7a9215160963ee070e,0.0,0.0,0.0,0.0,True
2d7d1620295c0e34829c,0.0,0.0,0.0,0.0,True
2d8867a7c59df1544cf7,0.1,1.0,1.0,1.0,True
2dae3088b82dde2562f2,0.1,1.0,0.43067655807339306,0.25,True
2db7da2a49f518e7761b,0.1,1.0,1.0,1.0,True
2dbac03c3f65c405bb9b,0.0,0.0,0.0,0.0,True
2dbfc8281b27a69e8dda,0.1,1.0,0.43067655807339306,0.25,True
2de13981b65c80e12474,0.0,0.0,0.0,0.0,True
2dfec858c941d9025394,0.1,1.0,0.2890648263178879,0.1,True
2e1cb6b04490e47c44b4,0.0,0.0,0.0,0.0,True
2e345a07da5eb36d4a7e,0.0,0.0,0.0,0.0,False
2e710f487816c6d6a5ea,0.0,0.0,0.0,0.0,True
2e897afa1c401be44df0,0.1,1.0,0.38685280723454163,0.2,True
2ea4b42a646a75e9337f,0.0,0.0,0.0,0.0,True
2ec306675d68719b2bac,0.1,1.0,1.0,1.0,True
2eefbf27f4b3fc7094e4,0.0,0.0,0.0,0.0,True
2f238c4341fa77f434d6,0.0,0.0,0.0,0.0,True
2f2ad218c1fd77adfb53,0.0,0.0,0.0,0.0,True
2f3f9250ad9cad0b2fca,0.0,0.0,0.0,0.0,False
2f488f5d289476fb9794,0.0,0.0,0.0,0.0,True
2f496110522881bd7b46,0.1,1.0,0.6309297535714575,0.5,True
2f5928c5bd718ae0a50e,0.0,0.0,0.0,0.0,True
2f624f3929d1fc00a2e1,0.0,0.0,0.0,0.0,True
2f6443575a3a4dcd5df0,0.1,1.0,1.0,1.0,True
2f6669fabbe13cc0cc45,0.0,0.0,0.0,0.0,True
2f75f6ce4ff45058ef95,0.0,0.0,0.0,0.0,True
2f8e5bc85d04277ae62d,0.0,0.0,0.0,0.0,True
2f8fb8cd1e41a168bf01,0.0,0.0,0.0,0.0,True
2fe780a32e761d9049dc,0.0,0.0,0.0,0.0,True
2fe963991f345d576d9b,0.0,0.0,0.0,0.0,True
3006534ef7929a1f51d1,0.1,1.0,0.6309297535714575,0.5,True
30140abf15d650894fcb,0.0,0.0,0.0,0.0,True
303926b2b0c1dea1d460,0.1,1.0,0.3333333333333333,0.14285714285714285,True
30c1f86f29b28ad45b4a,0.1,1.0,1.0,1.0,True
30d5df046935d35180ef,0.0,0.0,0.0,0.0,True
30d71808d8e866f582bd,0.0,0.0,0.0,0.0,True
30e5ce5fcd1b505565a8,0.0,0.0,0.0,0.0,True
30e95fea60f9e8c60ac5,0.0,0.0,0.0,0.0,False
30ff8a8906032878f322,0.0,0.0,0.0,0.0,True
3105040fcb762f66ddac,0.0,0.0,0.0,0.0,True
31141f76fbb8ae9c58e4,0.1,1.0,0.3010299956639812,0.1111111111111111,True
3124c8e7dd540eb965f6,0.0,0.0,0.0,0.0,True
31326852584f3739290b,0.0,0.0,0.0,0.0,False
3139acfcb64afc85ea47,0.1,1.0,0.6309297535714575,0.5,True
314f616386543dd262c0,0.0,0.0,0.0,0.0,True
3151975d2b0518f21607,0.1,1.0,0.6309297535714575,0.5,True
31596272470883bd1681,0.0,0.0,0.0,0.0,False
315b9aaa459f861f160d,0.0,0.0,0.0,0.0,True
315d7721f5d169c7fc58,0.0,0.0,0.0,0.0,True
317b5e0b2ef7b4a664e0,0.0,0.0,0.0,0.0,True
31a4ba3ea8a58f35f1cc,0.0,0.0,0.0,0.0,True
31cbb668d9995785cc8c,0.0,0.0,0.0,0.0,True
31dba434520b95f1541d,0.0,0.0,0.0,0.0,True
31ec1699c2c7f7c97838,0.0,0.0,0.0,0.0,True
31fae5b556890363fab3,0.0,0.0,0.0,0.0,True
320111a15e4c53ecab72,0.0,0.0,0.0,0.0,True
321857ddc664e8ad2a2c,0.0,0.0,0.0,0.0,True
321c8af91335fda41259,0.0,0.0,0.0,0.0,True
323b24b4ee575d123e58,0.0,0.0,0.0,0.0,True
324a259daec8f14314ad,0.0,0.0,0.0,0.0,True
325c500ad21676521715,0.1,1.0,0.38685280723454163,0.2,True
325dbafbdc4df7de254c,0.0,0.0,0.0,0.0,True
3265e1b3206ef58cb4c7,0.0,0.0,0.0,0.0,True
326b42b050887ee06ce1,0.1,1.0,0.6309297535714575,0.5,True
328be17cab05f0c1585f,0.0,0.0,0.0,0.0,True
32bac8088dff225d380a,0.0,0.0,0.0,0.0,True
32dff07a4959cc814fc0,0.0,0.0,0.0,0.0,True
32e90f6ba3fca7fc7813,0.0,0.0,0.0,0.0,True
32f51ff0e52783cd8b20,0.0,0.0,0.0,0.0,True
3309d6ca51f12e088afa,0.0,0.0,0.0,0.0,True
330ff84fa166b25ea294,0.0,0.0,0.0,0.0,True
333ac740258928e4f5f3,0.0,0.0,0.0,0.0,True
335552ea43a6a9040c5a,0.1,1.0,1.0,1.0,True
335fe412100103a60bde,0.0,0.0,0.0,0.0,True
339b0c3fe06436f44fba,0.0,0.0,0.0,0.0,True
33a680644af9dfa1236b,0.0,0.0,0.0,0.0,True
33abf89cb262a3f1cd26,0.0,0.0,0.0,0.0,True
33be958477c48ab8231a,0.0,0.0,0.0,0.0,True
33bf68c7096d1b1b7658,0.0,0.0,0.0,0.0,True
33c5564a3c14dcbe8a6d,0.0,0.0,0.0,0.0,False
33da3578bb1d924694d5,0.0,0.0,0.0,0.0,True
3417226f0cccb2819927,0.0,0.0,0.0,0.0,True
341ca48eeac9488198ce,0.1,1.0,0.38685280723454163,0.2,True
342d2cd9e148a5906b43,0.0,0.0,0.0,0.0,True
3452d3339133d078394b,0.1,1.0,0.3333333333333333,0.14285714285714285,True
3468fd5653a197d59a8a,0.0,0.0,0.0,0.0,False
34a993903c9a33e2ac54,0.0,0.0,0.0,0.0,True
34afb8217728449b182f,0.0,0.0,0.0,0.0,True
34cc0b766f5fca2128fa,0.0,0.0,0.0,0.0,True
34f3b903371cc8b24b3d,0.1,1.0,1.0,1.0,True
3538f5b9fcf306b39737,0.0,0.0,0.0,0.0,True
3593bd4d3fd38e0a36de,0.0,0.0,0.0,0.0,True
359adbe75d92aabd6958,0.1,1.0,0.3010299956639812,0.1111111111111111,True
35a75344612caf8952ce,0.0,0.0,0.0,0.0,True
35d78653ff3d5e108aa4,0.0,0.0,0.0,0.0,True
35da9d77f3810d70700d,0.0,0.0,0.0,0.0,True
36068eba3197a4aa1dfa,0.0,0.0,0.0,0.0,True
36261e4f3bc23c60b6a9,0.0,0.0,0.0,0.0,True
362f675598fcdae29e5f,0.0,0.0,0.0,0.0,True
36500ecc7a23a01b46ef,0.0,0.0,0.0,0.0,True
36707b5552aa60c29a0a,0.0,0.0,0.0,0.0,True
367154e814bcb43b20f0,0.0,0.0,0.0,0.0,True
367ed04e71fb8cb2e606,0.1,1.0,1.0,1.0,True
368d245bdb7b9d754935,0.0,0.0,0.0,0.0,True
36d467be3ab5f1aba98d,0.1,1.0,0.6309297535714575,0.5,True
36e7556feeeadebc5bf9,0.1,1.0,0.2890648263178879,0.1,True
374139fbaafb69c85ed6,0.1,1.0,1.0,1.0,True
374c28bd19b954ca05be,0.0,0.0,0.0,0.0,True
375e6331e1a9a3c2bc6b,0.0,0.0,0.0,0.0,True
3764de8f0ec1c174128c,0.1,1.0,0.5,0.3333333333333333,True
37816c85bb11300d1ce8,0.0,0.0,0.0,0.0,True
379aecdc7d0e486a57dd,0.1,1.0,0.6309297535714575,0.5,True
37af278bac07fb9717b5,0.0,0.0,0.0,0.0,True
37b8b717e54b59282e66,0.0,0.0,0.0,0.0,True
37c072490a3406dca6c2,0.0,0.0,0.0,0.0,False
37cc9ad7ec4ac580e83f,0.0,0.0,0.0,0.0,True
381ab6495b280a5764ae,0.0,0.0,0.0,0.0,True
382901210b6e2ea797e3,0.0,0.0,0.0,0.0,True
3844bc16afc73eb4a7ca,0.1,1.0,0.38685280723454163,0.2,True
38b5f7bf8c5b9d095a57,0.0,0.0,0.0,0.0,True
38b893752be762a85201,0.1,1.0,0.3010299956639812,0.1111111111111111,True
38c78ee68230240841c5,0.0,0.0,0.0,0.0,True
38f307be211b30ab47c7,0.0,0.0,0.0,0.0,True
390aa06c92675c3a5186,0.0,0.0,0.0,0.0,True
391e15b4ccbc3b46414f,0.0,0.0,0.0,0.0,True
39431f915d9755a16f4f,0.0,0.0,0.0,0.0,True
3953c32963fc31f79212,0.0,0.0,0.0,0.0,True
398768178976733ed3aa,0.0,0.0,0.0,0.0,True
399a193de977b85819e8,0.0,0.0,0.0,0.0,True
39bf1acd9ab8fcb01d3d,0.0,0.0,0.0,0.0,True
39df5fd64011497af028,0.0,0.0,0.0,0.0,True
39ed30ba11ae24ffae1d,0.1,1.0,0.3333333333333333,0.14285714285714285,True
39edd383d33de0029784,0.0,0.0,0.0,0.0,True
39f0203c6a0890fea90a,0.1,1.0,1.0,1.0,True
39f775b4e5daf6cf1480,0.0,0.0,0.0,0.0,True
39fc9ef3ff2aa6b19d44,0.1,1.0,0.5,0.3333333333333333,True
3a0c788894d3aad468b2,0.1,1.0,1.0,1.0,True
3a71d43de73a42c5b837,0.0,0.0,0.0,0.0,True
3a73586944fd3a169d61,0.1,1.0,0.38685280723454163,0.2,True
3a92b71574ee5266edc7,0.0,0.0,0.0,0.0,True
3ab63505c77a1d34711d,0.0,0.0,0.0,0.0,True
3ac743aa526d038b1228,0.0,0.0,0.0,0.0,True
3b0c4c83f66a83755734,0.0,0.0,0.0,0.0,True
3b3ef01bb395760f1937,0.0,0.0,0.0,0.0,True
3b479e17044a0980425a,0.0,0.0,0.0,0.0,False
3b4989f1257b81d880b8,0.0,0.0,0.0,0.0,True
3b4b53b4023e6d14aebe,0.0,0.0,0.0,0.0,True
3b51ef1007ac041bb8e2,0.0,0.0,0.0,0.0,True
3b79e81342cc90241d37,0.1,1.0,1.0,1.0,True
3b9fc22874081f810300,0.0,0.0,0.0,0.0,True
3ba7730f9cb41ca820ee,0.1,1.0,0.6309297535714575,0.5,True
3bf28776dd73fc2bb0fe,0.1,1.0,1.0,1.0,True
3bf7def49f64b2b15fb2,0.0,0.0,0.0,0.0,True
3c0873f078759a06f39d,0.0,0.0,0.0,0.0,True
3c1b15103c2b62c44d72,0.0,0.0,0.0,0.0,True
3c4e2a60901cb946f3e2,0.1,1.0,0.3010299956639812,0.1111111111111111,True
3c5f0fe7281b93c56354,0.0,0.0,0.0,0.0,True
3c5fb302b1d3e7ea6b93,0.0,0.0,0.0,0.0,True
3c962d83a8dac837b9f8,0.0,0.0,0.0,0.0,True
3ca3751343626562c5e2,0.0,0.0,0.0,0.0,True
3cb6b529a525ceb832ec,0.1,1.0,0.38685280723454163,0.2,True
3cbd83180c9876d89b82,0.0,0.0,0.0,0.0,False
3cd92a3edd8aa945841d,0.0,0.0,0.0,0.0,False
3cf4a096244e86034a9d,0.0,0.0,0.0,0.0,True
3d08d8e084cd9924acb0,0.0,0.0,0.0,0.0,False
3d18e1d9b4f9f58d646f,0.0,0.0,0.0,0.0,True
3d1b8b195d5ad67751a1,0.0,0.0,0.0,0.0,True
3d30b5d24b4b6c3a14dd,0.0,0.0,0.0,0.0,True
3d34f0036918205d5bb9,0.0,0.0,0.0,0.0,True
3d5a72d287774b31f494,0.0,0.0,0.0,0.0,True
3d6245e8810f7a29bced,0.0,0.0,0.0,0.0,True
3d6a19905a6482728839,0.0,0.0,0.0,0.0,True
3dac6bf7abe6805c8ec8,0.0,0.0,0.0,0.0,True
3dae56059472d88cff0d,0.0,0.0,0.0,0.0,True
3ddebe57832dbf8537b7,0.1,1.0,1.0,1.0,True
3dfff897169d5721a5c0,0.0,0.0,0.0,0.0,True
3e035267a9130b60bebe,0.0,0.0,0.0,0.0,True
3e05e08c24752297dbad,0.1,1.0,1.0,1.0,True
3e08c2e4682b517c0f8f,0.0,0.0,0.0,0.0,True
3e096483b4616dd2997c,0.0,0.0,0.0,0.0,True
3e3474dc84c17ade81d3,0.0,0.0,0.0,0.0,True
3e36386e8850b453cf83,0.0,0.0,0.0,0.0,True
3e3a702a7aec2086bc92,0.1,1.0,0.6309297535714575,0.5,True
3e3b82670d48aafd66bf,0.0,0.0,0.0,0.0,True
3e4461a78ecadc64c699,0.0,0.0,0.0,0.0,True
3e8093fb822acdcf53c2,0.0,0.0,0.0,0.0,True
3e9c4ae7ea754e3a4999,0.0,0.0,0.0,0.0,True
3ebec332a34a7d19d79a,0.1,1.0,0.6309297535714575,0.5,True
3ee27dfcf0189b09f840,0.0,0.0,0.0,0.0,True
3ef3243c09ebb6f34ef7,0.0,0.0,0.0,0.0,True
3f04928a9a09592d202d,0.0,0.0,0.0,0.0,True
3f24c0d83f02ba01758b,0.0,0.0,0.0,0.0,True
3f28933fcb4992cf5c8e,0.0,0.0,0.0,0.0,True
3f38224a521334f419a9,0.1,1.0,0.3010299956639812,0.1111111111111111,True
3f4539b576c877cb4865,0.0,0.0,0.0,0.0,True
3f7d844bb44dc6e432d3,0.0,0.0,0.0,0.0,False
3f9547c0a2857ab903cb,0.0,0.0,0.0,0.0,True
3fb6c68de431f2f2fadf,0.0,0.0,0.0,0.0,True
3ff913b44eaadc431d7e,0.0,0.0,0.0,0.0,True
40054da799d12d791b29,0.0,0.0,0.0,0.0,True
40089ad3ea208b41698c,0.0,0.0,0.0,0.0,True
403148273bb2baac1701,0.0,0.0,0.0,0.0,True
4037bda155e1b0ebf904,0.0,0.0,0.0,0.0,True
404fc252a31bfa589832,0.0,0.0,0.0,0.0,True
4060caf9374deaddad4f,0.0,0.0,0.0,0.0,True
408abc2fe463eab363d0,0.0,0.0,0.0,0.0,True
40b767851cd7782d9f61,0.0,0.0,0.0,0.0,True
40be37a95081227dcdf6,0.0,0.0,0.0,0.0,True
40cb2cd8376819161af9,0.0,0.0,0.0,0.0,True
40ce0b8fdbe8d1a2ad91,0.0,0.0,0.0,0.0,True
40d22c69c488cdb385c3,0.0,0.0,0.0,0.0,True
40d8af393f7e8e036bfd,0.1,1.0,1.0,1.0,True
40d96b06bb39a641e603,0.0,0.0,0.0,0.0,True
40f0a1fef3acd5e23224,0.0,0.0,0.0,0.0,True
40fd0591cf7d37858157,0.0,0.0,0.0,0.0,True
4120126f0e6a67ec7fec,0.0,0.0,0.0,0.0,True
417dc155546aaec7ba26,0.0,0.0,0.0,0.0,True
4181051de48253301dc6,0.0,0.0,0.0,0.0,True
418e3153c5100681ddc3,0.0,0.0,0.0,0.0,True
41badc03b97dc1fb88e8,0.0,0.0,0.0,0.0,True
41d922d0a87045242750,0.1,1.0,0.5,0.3333333333333333,True
41efe46f244a9a56bb59,0.0,0.0,0.0,0.0,True
41ff33e2fd630c552c1d,0.0,0.0,0.0,0.0,True
42018f0c32bfdfded8dd,0.0,0.0,0.0,0.0,True
4202e439a890bcb4df9f,0.0,0.0,0.0,0.0,True
4216a4f4dc8b5e6f89f0,0.0,0.0,0.0,0.0,True
421bb842b4dfe8564a2b,0.0,0.0,0.0,0.0,True
423f0a874280f93f1848,0.0,0.0,0.0,0.0,True
4249538ffb0806712f53,0.1,1.0,0.6309297535714575,0.5,True
42594a2ee5d313ea1c5e,0.0,0.0,0.0,0.0,True
426d64c11d6cd2f4c050,0.0,0.0,0.0,0.0,True
4285a011a280e8be6870,0.0,0.0,0.0,0.0,True
42a1a7fafafc7808119d,0.0,0.0,0.0,0.0,True
42b908f50b3c9d169b11,0.0,0.0,0.0,0.0,True
42cd9a982ad36d2f9914,0.0,0.0,0.0,0.0,True
42d1329e2c5cdca1d06c,0.0,0.0,0.0,0.0,True
4307cfbb06d39afe1982,0.0,0.0,0.0,0.0,False
4326df4ca63883a67c4d,0.1,1.0,0.43067655807339306,0.25,True
432873840a82c0510554,0.0,0.0,0.0,0.0,True
432a36c7b4a3753b5487,0.0,0.0,0.0,0.0,True
432acba2630867d55589,0.0,0.0,0.0,0.0,True
43440987b0cd32071964,0.0,0.0,0.0,0.0,True
434d030e10834c3e40f5,0.0,0.0,0.0,0.0,True
435fcb76246e7cd33ade,0.0,0.0,0.0,0.0,True
436e7b8033f20bafb50c,0.0,0.0,0.0,0.0,True
43a4fd7a1ddeddedfa95,0.0,0.0,0.0,0.0,True
43ac511a1183af3d7a39,0.0,0.0,0.0,0.0,True
43b13e9076c4bbb7b029,0.0,0.0,0.0,0.0,True
43e63f4a1c6b7e73264f,0.0,0.0,0.0,0.0,True
440e5b3384701b8d0621,0.0,0.0,0.0,0.0,False
443c7291704bd1102495,0.0,0.0,0.0,0.0,True
44405c96551f6b918dc1,0.0,0.0,0.0,0.0,True
44484566ac5a6a629110,0.1,1.0,1.0,1.0,True
4456013f03747d880dec,0.1,1.0,1.0,1.0,True
4459a6ec2e85fb8a8b1b,0.0,0.0,0.0,0.0,True
44764816d62c32efc4d1,0.0,0.0,0.0,0.0,True
448e4a9a7f7f873ca305,0.1,1.0,1.0,1.0,True
44ce7aab7c65e1fc2d6f,0.0,0.0,0.0,0.0,True
44e2540f54db34101727,0.0,0.0,0.0,0.0,False
44e9f37b14623336878b,0.1,1.0,0.6309297535714575,0.5,True
455044be76f31e159a3a,0.0,0.0,0.0,0.0,True
4552f9dd7d6719517a51,0.1,1.0,0.3562071871080222,0.16666666666666666,True
4565feabc4a02732e4a0,0.0,0.0,0.0,0.0,True
45719cc63852611f490a,0.1,1.0,0.38685280723454163,0.2,True
4572988712910f0a50ab,0.0,0.0,0.0,0.0,True
4583ce6a15ab0d6fc17d,0.0,0.0,0.0,0.0,True
458bfd7b267b06424887,0.0,0.0,0.0,0.0,False
459ded27947530604078,0.0,0.0,0.0,0.0,True
45b92636f66f6fa129f9,0.1,1.0,0.5,0.3333333333333333,True
45d911fcd92610c40ae4,0.0,0.0,0.0,0.0,True
45da96901bd036222b16,0.0,0.0,0.0,0.0,False
45e7c8478f99ac88d9d2,0.1,1.0,1.0,1.0,True
4612c82df2b8de45f382,0.0,0.0,0.0,0.0,True
4612e7a3e38328cbc5ac,0.0,0.0,0.0,0.0,False
46489c6c5ff30038ca6e,0.0,0.0,0.0,0.0,True
46679927659a58e4d604,0.0,0.0,0.0,0.0,True
466fc963981245690095,0.0,0.0,0.0,0.0,True
467050b30d54ba33a866,0.0,0.0,0.0,0.0,True
46799037b7ed665d47ec,0.0,0.0,0.0,0.0,True
46850e12d905fb9eb382,0.0,0.0,0.0,0.0,False
46a171545505e8876574,0.0,0.0,0.0,0.0,True
46b0e713cc06cc339afe,0.1,1.0,0.3562071871080222,0.16666666666666666,True
46d16321f6c1d9576a9a,0.1,1.0,0.5,0.3333333333333333,True
47166d95af124a1b6918,0.0,0.0,0.0,0.0,True
4736734925580a71bbcf,0.0,0.0,0.0,0.0,True
475c38e87a748d0d0b3c,0.0,0.0,0.0,0.0,True
47738dcdac47b9a9e7d6,0.0,0.0,0.0,0.0,True
478d8785041c6ac6e0f9,0.0,0.0,0.0,0.0,True
47980d5a985ebeb9cf2a,0.0,0.0,0.0,0.0,True
47a20da287bc673b3a86,0.0,0.0,0.0,0.0,True
47a8748f7bc19dba1b29,0.1,1.0,0.5,0.3333333333333333,True
47b2bbd54a3ec917197d,0.0,0.0,0.0,0.0,True
480a8d993548442a0215,0.0,0.0,0.0,0.0,True
481a5239a6e1d396181c,0.0,0.0,0.0,0.0,True
486a9c77b34e73eab3eb,0.0,0.0,0.0,0.0,True
486abbae23c5754022f2,0.1,1.0,0.3333333333333333,0.14285714285714285,True
488b9eea0f05d3b91a7f,0.0,0.0,0.0,0.0,True
488d9a98ed47cbee48ee,0.0,0.0,0.0,0.0,True
4892da8adb1d3ef0192a,0.0,0.0,0.0,0.0,True
48bd23545614ff81a38e,0.0,0.0,0.0,0.0,True
48bf4ddf1357cb7f49d9,0.0,0.0,0.0,0.0,True
48cb2009820340ab5ed7,0.0,0.0,0.0,0.0,True
48d5a3ab3c4df8d8ada8,0.0,0.0,0.0,0.0,True
48df034052bdb8ecd77f,0.0,0.0,0.0,0.0,True
48e119482ef653d53d8d,0.1,1.0,0.31546487678572877,0.125,True
48e2cf037bb6431cea40,0.1,1.0,0.31546487678572877,0.125,True
49228a67310e68ef05a1,0.0,0.0,0.0,0.0,True
493f929f6e186e08e96b,0.0,0.0,0.0,0.0,True
497ff9ad665c2a3cd162,0.0,0.0,0.0,0.0,True
498b44a6a9914b0251f0,0.1,1.0,0.6309297535714575,0.5,True
498c8fbea8e4466d2511,0.0,0.0,0.0,0.0,True
4990119d4766021434e1,0.0,0.0,0.0,0.0,True
4999ef66ee7b4f208303,0.1,1.0,0.3010299956639812,0.1111111111111111,True
49ca779f535988dfea5b,0.0,0.0,0.0,0.0,True
49ccfd278a4b829fc60f,0.1,1.0,0.3562071871080222,0.16666666666666666,True
4a0a613c8259a0bbbb58,0.0,0.0,0.0,0.0,True
4a1651a9f7938c50d14c,0.0,0.0,0.0,0.0,True
4a3a9e351ea0d0b466be,0.0,0.0,0.0,0.0,True
4a797323768d6ad1f99f,0.0,0.0,0.0,0.0,True
4a8e403bee9fc83c07b9,0.1,1.0,0.6309297535714575,0.5,True
4a9ff87e66c71513b9fa,0.1,1.0,1.0,1.0,True
4aadde37cf1daf1cac13,0.0,0.0,0.0,0.0,True
4ac0835111518544ef29,0.1,1.0,0.3333333333333333,0.14285714285714285,True
4b0ab7841584b63d8b7f,0.1,1.0,0.6309297535714575,0.5,True
4b20f7d685fae36d9460,0.1,1.0,0.43067655807339306,0.25,True
4b3e08a0f5e2f83bd0e6,0.0,0.0,0.0,0.0,True
4b4b00a1e61340270bc7,0.1,1.0,1.0,1.0,True
4b79d06c26587968d170,0.0,0.0,0.0,0.0,True
4bfec4740fa7cb660200,0.0,0.0,0.0,0.0,True
4c168653532aa0fcab1b,0.0,0.0,0.0,0.0,True
4c1b99cb2f685ac69116,0.0,0.0,0.0,0.0,True
4c267fd819dace80ddd5,0.1,1.0,0.38685280723454163,0.2,True
4c38ef4fe6e16279c8d7,0.0,0.0,0.0,0.0,True
4c423119fd8576049a0c,0.0,0.0,0.0,0.0,True
4cad3d6cf4e9749b6734,0.0,0.0,0.0,0.0,True
4cb3747961ffd75b0b89,0.0,0.0,0.0,0.0,True
4cd2c67244dac0027e66,0.0,0.0,0.0,0.0,True
4cd4203826cb2157e224,0.0,0.0,0.0,0.0,True
4cdbc053ba66ef69fe2e,0.0,0.0,0.0,0.0,True
4ce733e1bfbe7cdc4769,0.0,0.0,0.0,0.0,True
4d2387fef1391bbeecbb,0.0,0.0,0.0,0.0,True
4d7ad794a79453b13fb5,0.1,1.0,0.5,0.3333333333333333,True
4d8b6e680cb0f3905634,0.0,0.0,0.0,0.0,True
4db645264cc6025ee978,0.0,0.0,0.0,0.0,True
4dba07beeb0a7eb0379d,0.0,0.0,0.0,0.0,True
4dcabbb73f2dd5cd4a27,0.0,0.0,0.0,0.0,False
4dd40b7ebeb8010f46f9,0.0,0.0,0.0,0.0,False
4dd7c42df52ba52649e3,0.0,0.0,0.0,0.0,True
4e025b96a5cd5f72070f,0.0,0.0,0.0,0.0,True
4e410179bed230c91725,0.0,0.0,0.0,0.0,True
4e429e25ad1564c0f70c,0.0,0.0,0.0,0.0,True
4e513b9249eb7d6d6621,0.0,0.0,0.0,0.0,True
4e6124b26f92f738962a,0.0,0.0,0.0,0.0,True
4e6f25c86bce9b3b84e1,0.1,1.0,0.3562071871080222,0.16666666666666666,True
4e785b7e49408f994ecc,0.1,1.0,0.43067655807339306,0.25,True
4e8fed38d7039ce5752a,0.0,0.0,0.0,0.0,True
4e9deeb256011f7d842c,0.0,0.0,0.0,0.0,True
4eb440b05e2abdd96235,0.0,0.0,0.0,0.0,True
4eb8cb7257a3160505ce,0.0,0.0,0.0,0.0,True
4ec6dec4fa824f4f842c,0.0,0.0,0.0,0.0,True
4eec8a9e1360130b4ec3,0.0,0.0,0.0,0.0,True
4f208aa1a801cc5fd689,0.0,0.0,0.0,0.0,True
4f4cd4308d936fe34932,0.0,0.0,0.0,0.0,True
4f4ee4df6553d1f3e18c,0.1,1.0,0.31546487678572877,0.125,True
4f59476d05eb3181f964,0.0,0.0,0.0,0.0,False
4f5d9ab0e6bdc58e2ed4,0.0,0.0,0.0,0.0,True
4fb86bcc9328fda9da5b,0.0,0.0,0.0,0.0,True
4fc9a0ca9864b821679c,0.0,0.0,0.0,0.0,False
4feef277186d27392dee,0.0,0.0,0.0,0.0,True
50153c77f742ad0cb2e5,0.0,0.0,0.0,0.0,True
50399f9fb2633857199d,0.0,0.0,0.0,0.0,True
507131b8a182d0816748,0.0,0.0,0.0,0.0,True
508fd0f65cfed9bbb0c9,0.1,1.0,1.0,1.0,True
50baa6d3b3169dc2e825,0.0,0.0,0.0,0.0,True
50cb3df4b56298c74afb,0.0,0.0,0.0,0.0,True
50e1a565055561fae185,0.0,0.0,0.0,0.0,True
50e2471d8d8e0798438a,0.0,0.0,0.0,0.0,True
50e2fb064f6577510ea5,0.0,0.0,0.0,0.0,True
511ccdb59eed36cfee85,0.1,1.0,0.43067655807339306,0.25,True
5130d0a43edae18dc1c7,0.1,1.0,0.6309297535714575,0.5,True
518f9cd26d54842715e9,0.0,0.0,0.0,0.0,True
51af67e8a56d0b20de1b,0.0,0.0,0.0,0.0,True
51cb624faa28ae16d1ae,0.0,0.0,0.0,0.0,True
51e6afc4613f14d37455,0.0,0.0,0.0,0.0,True
51ee324a50b0233dfce9,0.0,0.0,0.0,0.0,True
520b181e961d38dc12da,0.0,0.0,0.0,0.0,True
520e738231b6ce4d03e4,0.1,1.0,0.38685280723454163,0.2,True
5210545c5d95aa3fb1b4,0.1,1.0,1.0,1.0,True
5211191f9c2abb1f4b6a,0.0,0.0,0.0,0.0,True
521748a42ffa640aa4d4,0.0,0.0,0.0,0.0,True
523949a1c8c6621b2127,0.0,0.0,0.0,0.0,True
5262ef387ebd83e5034d,0.0,0.0,0.0,0.0,True
528969ab68ade8d74eca,0.1,1.0,0.6309297535714575,0.5,True
529b380e7a91c9966eab,0.1,1.0,1.0,1.0,True
52a7d2fa44a5d1d71aeb,0.0,0.0,0.0,0.0,False
52b30ad4052a1abe4b5c,0.0,0.0,0.0,0.0,True
52c98c2a5696135e93d5,0.0,0.0,0.0,0.0,True
52d38c2bef5b90ed3fb4,0.1,1.0,0.38685280723454163,0.2,True
52ea6d555bcbb8263b17,0.1,1.0,0.2890648263178879,0.1,True
52f82bcfc05ff6a8504d,0.0,0.0,0.0,0.0,True
5320ace42bc73b52761f,0.0,0.0,0.0,0.0,True
532474b7dc1458692199,0.1,1.0,1.0,1.0,True
5327e518a87a39a894aa,0.0,0.0,0.0,0.0,True
536cbf78dc24ab2820b1,0.1,1.0,0.3333333333333333,0.14285714285714285,True
53a9f39333bf41291c95,0.0,0.0,0.0,0.0,True
53af53220a0ed7e02db2,0.0,0.0,0.0,0.0,True
53cf97cad2c94812b298,0.0,0.0,0.0,0.0,True
53d252f1a26f81df70eb,0.0,0.0,0.0,0.0,True
53f545d5f9e1d13daa9d,0.0,0.0,0.0,0.0,True
53f7ac1a2d2f8c73687a,0.0,0.0,0.0,0.0,True
541a464eda95cc4cc7c7,0.0,0.0,0.0,0.0,False
54216c1d1b38d506dca0,0.0,0.0,0.0,0.0,False
5425716addd80cb2995c,0.0,0.0,0.0,0.0,True
54524f3e3d7326772c2d,0.0,0.0,0.0,0.0,True
545b19fd9ef20385ff54,0.0,0.0,0.0,0.0,True
54664fc7b0d6323f5952,0.0,0.0,0.0,0.0,True
549a5c8e2b1420960e53,0.1,1.0,0.38685280723454163,0.2,True
54af984b9e758066b07a,0.1,1.0,0.38685280723454163,0.2,True
54cc1759f55260b671f7,0.1,1.0,0.5,0.3333333333333333,True
550931a7801462301eb9,0.1,1.0,0.5,0.3333333333333333,True
55098cece419dd1c1cc4,0.0,0.0,0.0,0.0,True
552302825410660545af,0.0,0.0,0.0,0.0,True
553cdf8000ebaab9bf4e,0.0,0.0,0.0,0.0,True
553e59af2df46a77f4ef,0.0,0.0,0.0,0.0,True
5556f3ee254f9334211d,0.1,1.0,0.38685280723454163,0.2,True
55a565709bebef23a526,0.0,0.0,0.0,0.0,True
55a7d4468c1b4b06add3,0.0,0.0,0.0,0.0,True
55cf72c36d91c0a353e3,0.0,0.0,0.0,0.0,False
55dba6741276b63ddc2f,0.0,0.0,0.0,0.0,True
55dc17044ba645f62858,0.1,1.0,1.0,1.0,True
55dee0a9e0eca5b7b304,0.0,0.0,0.0,0.0,True
55f13b0335f873870128,0.1,1.0,0.3333333333333333,0.14285714285714285,True
562768c4a867276f0791,0.0,0.0,0.0,0.0,True
56469fa717972f5ecadb,0.1,1.0,1.0,1.0,True
564ae7c57b725ad94534,0.1,1.0,0.31546487678572877,0.125,True
564c53d7fa394fe05724,0.0,0.0,0.0,0.0,True
565167ead4d79d21409e,0.0,0.0,0.0,0.0,True
56681197e4821fec5ebd,0.0,0.0,0.0,0.0,True
567ddc1c8b76ca67e6ec,0.0,0.0,0.0,0.0,True
5688a59cca715226c3ce,0.0,0.0,0.0,0.0,True
5696bc61e2f00a1876ec,0.0,0.0,0.0,0.0,True
569a805a7d2759f9e8f7,0.0,0.0,0.0,0.0,True
56d73057b9d16190e1de,0.1,1.0,0.6309297535714575,0.5,True
56d9ab2131e28b62bbe7,0.0,0.0,0.0,0.0,True
56ef436a2f82b979d2d1,0.0,0.0,0.0,0.0,True
56f0517ad68ea75a8dae,0.0,0.0,0.0,0.0,True
56f7861801ed90c8e9a1,0.0,0.0,0.0,0.0,True
56f8511d51b0cac856ff,0.0,0.0,0.0,0.0,True
56ff603a1f1498b70108,0.0,0.0,0.0,0.0,True
570ed1d033cfa203d069,0.1,1.0,1.0,1.0,True
57224b4488b26446596b,0.0,0.0,0.0,0.0,True
5728897a24502eb25fc5,0.1,1.0,0.3010299956639812,0.1111111111111111,True
572b1d47c2a49a6dd843,0.0,0.0,0.0,0.0,True
572b8621ab8699d7cc90,0.0,0.0,0.0,0.0,True
574f811f6b056256ceb4,0.0,0.0,0.0,0.0,True
576d047386fb6fa45564,0.0,0.0,0.0,0.0,True
57ad5ed4cb76cce34835,0.0,0.0,0.0,0.0,True
57b0dd472b2308107388,0.0,0.0,0.0,0.0,True
57b32c64eb48f05c565a,0.1,1.0,1.0,1.0,True
57cff296531667979c62,0.0,0.0,0.0,0.0,True
57e219a1fca65e7ec2bb,0.0,0.0,0.0,0.0,True
57fa853b54e7fdaf151a,0.0,0.0,0.0,0.0,True
5801207c99236d30d3a1,0.0,0.0,0.0,0.0,True
58019d4daec42bf3018c,0.0,0.0,0.0,0.0,True
580cf5c3fde9c4d2fa04,0.0,0.0,0.0,0.0,True
5829de5a5a723554b282,0.0,0.0,0.0,0.0,True
5863093f7bedfe2232e6,0.1,1.0,0.6309297535714575,0.5,True
58b9384ad978ac0173d9,0.0,0.0,0.0,0.0,False
58d46cd5a4bf226f64ff,0.1,1.0,0.38685280723454163,0.2,True
58fdb982d5c84dc06768,0.0,0.0,0.0,0.0,True
58fdd4c16abf910d08c9,0.0,0.0,0.0,0.0,True
59007437ee891e098603,0.0,0.0,0.0,0.0,True
5902acd11eb474af74be,0.1,1.0,0.3333333333333333,0.14285714285714285,True
592b51c82ff52c8ce87a,0.0,0.0,0.0,0.0,True
59585e95c9b3723860e9,0.0,0.0,0.0,0.0,True
5992ea905ed2f1146885,0.1,1.0,0.3333333333333333,0.14285714285714285,True
599e7f610ed7b0c2e0de,0.1,1.0,0.5,0.3333333333333333,True
59a14afc7a7976ff4ecc,0.0,0.0,0.0,0.0,True
59e6deddd60b40fdd875,0.0,0.0,0.0,0.0,True
59fa7f36140636f857d4,0.0,0.0,0.0,0.0,True
5a160015fd0deb1db61c,0.0,0.0,0.0,0.0,True
5a228577d6ec0a37cb23,0.0,0.0,0.0,0.0,True
5a3e0caa03878bb07714,0.0,0.0,0.0,0.0,True
5a4b2cdca6b0563f5ffd,0.0,0.0,0.0,0.0,True
5a59ab5970016565b4bd,0.0,0.0,0.0,0.0,True
5a9bc6ab90f7a19e3c07,0.0,0.0,0.0,0.0,True
5aa119144d2f55af07bd,0.0,0.0,0.0,0.0,True
5ac85ebd9bc635192351,0.0,0.0,0.0,0.0,True
5ad7cc1a3308cb97bc62,0.0,0.0,0.0,0.0,True
5b828682a86e66f9bacd,0.0,0.0,0.0,0.0,True
5b9e346119f2544af113,0.1,1.0,1.0,1.0,True
5ba95dfd00a820100d34,0.1,1.0,0.5,0.3333333333333333,True
5c0e82f2d46bd82444c2,0.0,0.0,0.0,0.0,True
5c1de3f0ff1ab6e4d29e,0.1,1.0,0.3562071871080222,0.16666666666666666,True
5c3a75edfc37dc91ef72,0.0,0.0,0.0,0.0,True
5c3d4ba65d1f66372995,0.1,1.0,1.0,1.0,True
5c508d480f621a9e2baa,0.0,0.0,0.0,0.0,True
5c68a7728082563948eb,0.1,1.0,0.38685280723454163,0.2,True
5c6b45e52e5f12a2e415,0.0,0.0,0.0,0.0,True
5c6c2a29ecf346b0c091,0.0,0.0,0.0,0.0,True
5cb7e77d98f6abf973c9,0.1,1.0,0.6309297535714575,0.5,True
5cea684057fb34b2b99f,0.0,0.0,0.0,0.0,True
5cfd945d0302dc465c07,0.1,1.0,0.3333333333333333,0.14285714285714285,True
5cff852f389eebf3a663,0.0,0.0,0.0,0.0,True
5d08d222dd6abe53b9eb,0.1,1.0,1.0,1.0,True
5d204d48432e76014d1f,0.0,0.0,0.0,0.0,True
5d23ac4c285696ebb724,0.0,0.0,0.0,0.0,True
5d26df529c1b96cbef1c,0.0,0.0,0.0,0.0,True
5d562862ab6cf9bdf42e,0.0,0.0,0.0,0.0,True
5d7b7a3dc04da086159e,0.0,0.0,0.0,0.0,True
5da48b75500d02e38237,0.0,0.0,0.0,0.0,True
5dab0c6d094d95896f92,0.0,0.0,0.0,0.0,True
5dd1442fe98d99c157a0,0.0,0.0,0.0,0.0,True
5ddc4ec046374ea836fd,0.0,0.0,0.0,0.0,True
5e06f7bdd727c87efdef,0.1,1.0,0.3010299956639812,0.1111111111111111,True
5e1661a60120251b2270,0.0,0.0,0.0,0.0,True
5e2051abac78da25c7e1,0.0,0.0,0.0,0.0,True
5e321f149cd3500b0fde,0.0,0.0,0.0,0.0,True
5e4583e535c2632d743a,0.0,0.0,0.0,0.0,True
5e4896ba75218051ff50,0.0,0.0,0.0,0.0,True
5e5ce2d2ef2367ab14f3,0.0,0.0,0.0,0.0,True
5eca19324f93fd195aa0,0.0,0.0,0.0,0.0,True
5ecde095b6178f291622,0.0,0.0,0.0,0.0,True
5f14d6cd223e4c7fa730,0.0,0.0,0.0,0.0,True
5f191120b5f11293dab2,0.1,1.0,0.3010299956639812,0.1111111111111111,True
5f2f78445792343c0542,0.0,0.0,0.0,0.0,True
5f38819f874613b44dd5,0.0,0.0,0.0,0.0,True
5f50dc61fb8742ea53b2,0.0,0.0,0.0,0.0,True
5f692c709e03694b230f,0.0,0.0,0.0,0.0,True
5f799bd966b3cd45fa2d,0.0,0.0,0.0,0.0,False
5f8ea8d93e30149f51d3,0.0,0.0,0.0,0.0,True
5fc27b792688779f0093,0.0,0.0,0.0,0.0,True
5fd7a9d0f5e8f39cc189,0.0,0.0,0.0,0.0,True
60161eabbbd2eae76a88,0.1,1.0,0.31546487678572877,0.125,True
603beec65a2d147403ad,0.1,1.0,0.6309297535714575,0.5,True
6081c5e1f1b14270ec96,0.0,0.0,0.0,0.0,True
608ecff53026f22ddcea,0.0,0.0,0.0,0.0,True
608fad8da9d07168816e,0.1,1.0,0.38685280723454163,0.2,True
60b09ace93c8dda1d8ad,0.0,0.0,0.0,0.0,True
60b81e2ef0c1938607c9,0.0,0.0,0.0,0.0,True
60bce4aa18b6b4d8145f,0.0,0.0,0.0,0.0,True
60e9ce71083d9a2f9424,0.0,0.0,0.0,0.0,True
60eb3dbf3f520b0b0274,0.1,1.0,0.3333333333333333,0.14285714285714285,True
61149efca833dee4358e,0.0,0.0,0.0,0.0,True
6116f721bbe96f6acdb1,0.0,0.0,0.0,0.0,True
616109ccbe0fc5b4c1de,0.0,0.0,0.0,0.0,True
61679d92e13a7c009318,0.0,0.0,0.0,0.0,True
616fcf405c5abe3a164e,0.0,0.0,0.0,0.0,True
618f6d4d349c73953615,0.0,0.0,0.0,0.0,True
61ac9897cf3f9f42a4a6,0.0,0.0,0.0,0.0,True
61d0f5f6aed53230875d,0.0,0.0,0.0,0.0,True
61ff2d11ffea674844a1,0.0,0.0,0.0,0.0,True
62212b7fb6ebe4fd546e,0.0,0.0,0.0,0.0,True
62245dd6aad739ad4e6f,0.0,0.0,0.0,0.0,True
6238c51c13507917e645,0.0,0.0,0.0,0.0,True
629b6b206e5cdf6490a7,0.1,1.0,0.6309297535714575,0.5,True
629bb9e5c3d4c563b3a8,0.0,0.0,0.0,0.0,True
629ce3ff508215fe7236,0.1,1.0,0.3333333333333333,0.14285714285714285,True
62a7536f66c4d976f050,0.0,0.0,0.0,0.0,True
62b9af4305ecee22012d,0.0,0.0,0.0,0.0,True
62bb88bf521cee603602,0.1,1.0,0.31546487678572877,0.125,True
62c50449a976aefdb15e,0.1,1.0,1.0,1.0,True
62c55486a4ac91837789,0.0,0.0,0.0,0.0,True
62c5cbbf1e732df39e13,0.0,0.0,0.0,0.0,True
62c86483f8e0a876a73a,0.0,0.0,0.0,0.0,True
62ce0280e9aafae6c286,0.0,0.0,0.0,0.0,True
62cfc5fdb1e89402183d,0.0,0.0,0.0,0.0,True
62eb21591ddcb4e00e8b,0.1,1.0,0.3333333333333333,0.14285714285714285,True
6329c2de77b51549ea8f,0.0,0.0,0.0,0.0,True
632cc849c94bcbb2655c,0.0,0.0,0.0,0.0,False
6354b7aafed4f51683cd,0.1,1.0,0.3562071871080222,0.16666666666666666,True
63584cb33d1040fc106b,0.0,0.0,0.0,0.0,True
6399ee0993fafe6a4f5e,0.0,0.0,0.0,0.0,False
63b8a32d2f259f438d03,0.0,0.0,0.0,0.0,True
63c2dbcff39bd0534e93,0.1,1.0,0.43067655807339306,0.25,True
63c42b72225aab7f6224,0.0,0.0,0.0,0.0,True
64175017eb4a755b8b70,0.0,0.0,0.0,0.0,True
642f2b680e6ecc320347,0.1,1.0,0.43067655807339306,0.25,True
644eb29cb5ee06c83389,0.0,0.0,0.0,0.0,True
649ff1906a0720b50c75,0.1,1.0,0.38685280723454163,0.2,True
64a6953f7672aa083de0,0.0,0.0,0.0,0.0,True
64b2eb77e55f1d850a91,0.1,1.0,0.31546487678572877,0.125,True
64cf410dec27fff4c9f4,0.0,0.0,0.0,0.0,True
650d9c547666b30edc57,0.0,0.0,0.0,0.0,True
651f85aaf1ad76257a9b,0.0,0.0,0.0,0.0,True
653af05b115feda249e3,0.1,1.0,0.31546487678572877,0.125,True
654774e87eab30f3e6e4,0.0,0.0,0.0,0.0,True
65632d42106976c6d772,0.0,0.0,0.0,0.0,True
657a195c9413c2bce9dd,0.0,0.0,0.0,0.0,True
65938d9736c01764c78c,0.0,0.0,0.0,0.0,True
65db4ae92160c6e19d45,0.0,0.0,0.0,0.0,True
660863304c403d768c09,0.0,0.0,0.0,0.0,True
663ce6bfa45d28262c93,0.0,0.0,0.0,0.0,True
665802ec960a957675bf,0.1,1.0,1.0,1.0,True
66639ddc07df95d45623,0.0,0.0,0.0,0.0,True
6670d7bedc62b61f7630,0.1,1.0,0.3562071871080222,0.16666666666666666,True
6677de93413ff18af5c7,0.1,1.0,0.43067655807339306,0.25,True
667e96b6df7978abceb6,0.1,1.0,1.0,1.0,True
6714ed4b59e4af4ab115,0.1,1.0,0.3333333333333333,0.14285714285714285,True
671d6a01d9c4e66c4a0c,0.1,1.0,1.0,1.0,True
6729c8de3d6a7d240501,0.0,0.0,0.0,0.0,True
673b5023f18d47299d5b,0.0,0.0,0.0,0.0,True
673d67de984b9109accb,0.0,0.0,0.0,0.0,True
67802b5e2e211f2a7b67,0.1,1.0,0.5,0.3333333333333333,True
67b65a5ef1d42d7a94f7,0.0,0.0,0.0,0.0,True
67c8ac504dcf1d30cd14,0.0,0.0,0.0,0.0,True
68307950a4d30bdba12f,0.1,1.0,0.43067655807339306,0.25,True
6890200b0e24ef2265c7,0.0,0.0,0.0,0.0,True
689499d471fa197e633f,0.0,0.0,0.0,0.0,True
68abf5cfe409a298b0df,0.0,0.0,0.0,0.0,True
68ecc04edcf70c799c9c,0.0,0.0,0.0,0.0,True
691072c126b71c77af3d,0.0,0.0,0.0,0.0,True
691da4ec2cc926e0490e,0.0,0.0,0.0,0.0,True
6933141a72ae6f086b6a,0.1,1.0,0.3562071871080222,0.16666666666666666,True
693b543faff3c8dd687c,0.1,1.0,0.38685280723454163,0.2,True
693f09f068508adea29f,0.0,0.0,0.0,0.0,True
6994d35fee8c08b5adf0,0.0,0.0,0.0,0.0,True
69acb24bbf0253d9aae7,0.0,0.0,0.0,0.0,True
69b002bb95f498615eb8,0.0,0.0,0.0,0.0,True
69eaee0fbe97ea3a493f,0.0,0.0,0.0,0.0,True
69f51ada096cecea81da,0.1,1.0,0.6309297535714575,0.5,True
69fbc2cc7f546f82ba21,0.0,0.0,0.0,0.0,True
69fdd381cfc41a82b670,0.0,0.0,0.0,0.0,True
6a2134d92e9d8b9f3b4b,0.0,0.0,0.0,0.0,True
6a78fa1a29b78d1b7605,0.1,1.0,0.3562071871080222,0.16666666666666666,True
6a7b31ae017d08e9d938,0.0,0.0,0.0,0.0,True
6a7b38e1d4a778b301e7,0.0,0.0,0.0,0.0,True
6aa995bfec31e620b542,0.0,0.0,0.0,0.0,True
6ab59039eb3984ad1794,0.0,0.0,0.0,0.0,True
6ab7a554786e908b7298,0.0,0.0,0.0,0.0,True
6ad7099529f6d3791a8d,0.1,1.0,0.5,0.3333333333333333,True
6ae42ddc7758b791b203,0.0,0.0,0.0,0.0,True
6b0756a30bd4ff97333d,0.0,0.0,0.0,0.0,True
6b0d33545be2109528e8,0.1,1.0,0.6309297535714575,0.5,True
6b106d0c7e1a73523a99,0.0,0.0,0.0,0.0,True
6b13beb2f459adbaaaa4,0.1,1.0,0.3333333333333333,0.14285714285714285,True
6b4818e15e586c1e4093,0.0,0.0,0.0,0.0,True
6b4980aa0f049addce60,0.0,0.0,0.0,0.0,False
6b5910d415f0e23b08f8,0.1,1.0,0.3010299956639812,0.1111111111111111,True
6b5be37dee7882579aa8,0.1,1.0,0.6309297535714575,0.5,True
6b7c2e2d0f9fef4a6d91,0.0,0.0,0.0,0.0,True
6b855da6133499a3dc8a,0.0,0.0,0.0,0.0,True
6b8e9b1f291d4cba0dab,0.0,0.0,0.0,0.0,True
6b92f59c22e661453226,0.0,0.0,0.0,0.0,True
6b9619404fb41bddcc11,0.0,0.0,0.0,0.0,True
6b9c4cd5f3305300ecb8,0.0,0.0,0.0,0.0,True
6b9cb5beb45c364f6bae,0.0,0.0,0.0,0.0,True
6b9d815406cedcd40dc2,0.0,0.0,0.0,0.0,True
6bac1f483182b6abe17e,0.0,0.0,0.0,0.0,True
6bae0936f74d2e0c819b,0.0,0.0,0.0,0.0,True
6bcbc8203c59298eeec7,0.0,0.0,0.0,0.0,True
6beca3de80506f6744f2,0.0,0.0,0.0,0.0,True
6bf6d68788bbab5d9385,0.0,0.0,0.0,0.0,True
6bfe2e93a335ca6baf0b,0.0,0.0,0.0,0.0,True
6c335e567e566742bb5b,0.0,0.0,0.0,0.0,True
6c500ceca19ec34d5b9c,0.0,0.0,0.0,0.0,True
6c9f69d54d7ca95219ca,0.0,0.0,0.0,0.0,True
6ca32dbbbdc8241e47a8,0.0,0.0,0.0,0.0,True
6ca571569a824919961b,0.1,1.0,1.0,1.0,True
6cb6b9772ea9a1b0edfe,0.0,0.0,0.0,0.0,True
6cbf156e54655148ef90,0.1,1.0,0.6309297535714575,0.5,True
6d176345efa74fce0772,0.0,0.0,0.0,0.0,True
6d1942e7bcce8f9c90b8,0.0,0.0,0.0,0.0,True
6d36af77a7966f88d7b5,0.0,0.0,0.0,0.0,True
6d4b18a7fac12ea184b3,0.0,0.0,0.0,0.0,True
6d53c957ba9aa325dccb,0.1,1.0,0.38685280723454163,0.2,True
6d6947b77d686aa0f94f,0.1,1.0,0.3562071871080222,0.16666666666666666,True
6d81fc2a4fa14056a987,0.0,0.0,0.0,0.0,True
6d95ab2c6c0effaef5ee,0.1,1.0,1.0,1.0,True
6d9f6cfa55fc7a4a98b3,0.0,0.0,0.0,0.0,True
6dba3603a709bd8f40ad,0.1,1.0,0.2890648263178879,0.1,True
6dd4f31265d682785e66,0.0,0.0,0.0,0.0,True
6de14b91a053b17343c4,0.0,0.0,0.0,0.0,True
6e2a81d14a2ae5f91135,0.0,0.0,0.0,0.0,True
6e33a98da7b2db55eb1a,0.1,1.0,0.3562071871080222,0.16666666666666666,True
6e41b182a648fe361066,0.0,0.0,0.0,0.0,False
6e77dda8cdeca517ff77,0.0,0.0,0.0,0.0,True
6e93d841239647b1a1cb,0.0,0.0,0.0,0.0,True
6eb96e55a1873c661b51,0.0,0.0,0.0,0.0,True
6ed172a522eddd5bb724,0.0,0.0,0.0,0.0,True
6f16785303e92124dee0,0.0,0.0,0.0,0.0,True
6f2210f832e673c3ba74,0.0,0.0,0.0,0.0,True
6f364537c1866f94dbf6,0.0,0.0,0.0,0.0,True
6f51820b6d2ad66b15f2,0.0,0.0,0.0,0.0,True
6f5caa59d8b0d26ef664,0.0,0.0,0.0,0.0,True
6f7e2269dcee8c70dfc4,0.0,0.0,0.0,0.0,True
6f91da82313b07cd89a9,0.0,0.0,0.0,0.0,True
6fa83dbaea33fd764d3d,0.0,0.0,0.0,0.0,True
6faadccc544e55dbc252,0.0,0.0,0.0,0.0,True
6fb121d626ee7bccbde1,0.0,0.0,0.0,0.0,True
6fb3da093b1a06eef45f,0.1,1.0,0.31546487678572877,0.125,True
6fbd4d1fc4816e805cca,0.0,0.0,0.0,0.0,True
6fc2ddb9f95f9d9d604a,0.0,0.0,0.0,0.0,True
6fccb54ecabc208f0dc6,0.1,1.0,0.6309297535714575,0.5,True
6fcdf7a0b48b434dd27b,0.0,0.0,0.0,0.0,True
6fe83d5e58f87849e933,0.0,0.0,0.0,0.0,True
6feea9db1c515c20e1c1,0.0,0.0,0.0,0.0,True
70298446859cdb4bd9af,0.0,0.0,0.0,0.0,True
70666dd7d50ac038c965,0.0,0.0,0.0,0.0,True
708b1b6b0b7d49655cb8,0.0,0.0,0.0,0.0,True
70baa2a9ef6028feff99,0.0,0.0,0.0,0.0,True
70bbd42320fce9c626e1,0.0,0.0,0.0,0.0,True
70c12d73f1a1965d3c80,0.1,1.0,0.38685280723454163,0.2,True
70c638edfaeb4934c3c0,0.1,1.0,0.2890648263178879,0.1,True
70c856bbf94f8e15be76,0.1,1.0,0.43067655807339306,0.25,True
70e34b2429ddec6e1df6,0.0,0.0,0.0,0.0,True
70f79f21a5b20c600b66,0.0,0.0,0.0,0.0,True
70f8e82eb7c2cb0a36be,0.0,0.0,0.0,0.0,True
7145b7e6b3dca56bc863,0.0,0.0,0.0,0.0,True
714a3069340b2370c1fc,0.0,0.0,0.0,0.0,True
714fe859e181500f109e,0.0,0.0,0.0,0.0,True
715cffe06899826a6f39,0.0,0.0,0.0,0.0,True
716051f8576a9431406c,0.1,1.0,0.43067655807339306,0.25,True
717bb83370e48b19f462,0.0,0.0,0.0,0.0,True
717bc1c46841622f7f47,0.0,0.0,0.0,0.0,False
719e82b61eb3247ed8a9,0.0,0.0,0.0,0.0,True
71b5414b5b7bc26346b0,0.0,0.0,0.0,0.0,True
71bb05a0945552b35dfb,0.0,0.0,0.0,0.0,False
71e29f78f9cba8acf58c,0.0,0.0,0.0,0.0,True
71ec819a3d4d517200d2,0.0,0.0,0.0,0.0,True
72267a4027d070136a12,0.0,0.0,0.0,0.0,True
722bc3a44f7d6742f5ca,0.0,0.0,0.0,0.0,True
72492cf4ba6a3a3ca486,0.0,0.0,0.0,0.0,True
7259704b35a4aaae7989,0.0,0.0,0.0,0.0,True
725a71e8000a3ba4b5e2,0.0,0.0,0.0,0.0,True
725c3437afe359cd3ea0,0.0,0.0,0.0,0.0,True
726b53ec664b3a893793,0.0,0.0,0.0,0.0,True
726c45e7786a40e63d13,0.0,0.0,0.0,0.0,True
727b51d2886699a60662,0.0,0.0,0.0,0.0,True
72953fa829e40655bf46,0.0,0.0,0.0,0.0,True
729ab02b83b0e7047a8f,0.0,0.0,0.0,0.0,True
72adef7bbf8a10bb4daf,0.1,1.0,0.6309297535714575,0.5,True
72b9378449a28bd46983,0.0,0.0,0.0,0.0,True
72c3e678c1da1ad03544,0.0,0.0,0.0,0.0,True
72c8e3fcf128979da46b,0.0,0.0,0.0,0.0,True
72f1c0fdf96e4568de0b,0.0,0.0,0.0,0.0,True
73426dcadb92992e0c72,0.0,0.0,0.0,0.0,True
7359f6f9ee7fd69d8d71,0.0,0.0,0.0,0.0,False
737dc957d35d401d252a,0.0,0.0,0.0,0.0,False
73a90344267eb74856b9,0.0,0.0,0.0,0.0,True
73bd4437fa58aa36ae1e,0.0,0.0,0.0,0.0,True
73f382672c8277aad47b,0.0,0.0,0.0,0.0,True
743acafd2b3125fd929c,0.0,0.0,0.0,0.0,False
747bf609f7e24375b644,0.0,0.0,0.0,0.0,True
74ba6926fde1d98b26eb,0.0,0.0,0.0,0.0,True
74d47699af705e42315f,0.0,0.0,0.0,0.0,True
74d58e8f150ecce445dc,0.0,0.0,0.0,0.0,True
74e3c0c992eccd9fd604,0.0,0.0,0.0,0.0,True
74ec25627314bbb9e0fc,0.0,0.0,0.0,0.0,True
74f0e14b799f31ee6b69,0.1,1.0,0.3562071871080222,0.16666666666666666,True
74febd9af2d382f9ad73,0.1,1.0,0.6309297535714575,0.5,True
750cd7dc647b468da83e,0.1,1.0,0.43067655807339306,0.25,True
75199941726806be8733,0.0,0.0,0.0,0.0,True
751c3216b1476a79936e,0.1,1.0,0.6309297535714575,0.5,True
7549f34a1ba621e4c5b9,0.0,0.0,0.0,0.0,True
755f0adca84adf1acb2a,0.0,0.0,0.0,0.0,True
7564c03a8d6f8b066fc1,0.0,0.0,0.0,0.0,True
7573178125c332ed57bd,0.0,0.0,0.0,0.0,False
7578742286185682a501,0.0,0.0,0.0,0.0,True
7585f15cf88a15d1c6b0,0.0,0.0,0.0,0.0,True
7597ecd4b51c80fafcd1,0.0,0.0,0.0,0.0,True
7598ea4bdc116b1eb552,0.0,0.0,0.0,0.0,True
759b5857012a4a02cab9,0.0,0.0,0.0,0.0,True
75a5bf9230a06926f10e,0.0,0.0,0.0,0.0,True
75a8ee9a7c7673c7c929,0.1,1.0,1.0,1.0,True
75b478ad589d02691d83,0.0,0.0,0.0,0.0,True
75d1e3de8209b87bb2da,0.0,0.0,0.0,0.0,True
7607e40445e3a93e3957,0.0,0.0,0.0,0.0,True
7626bb7b54aa7d512360,0.1,1.0,0.3010299956639812,0.1111111111111111,True
762ff40c332143f64085,0.0,0.0,0.0,0.0,False
763ac24db62888de0d46,0.1,1.0,0.5,0.3333333333333333,True
764991b355aa464770bb,0.0,0.0,0.0,0.0,True
764a2857fd6f52fff4f1,0.0,0.0,0.0,0.0,True
764b8145aaf7350c9063,0.1,1.0,0.6309297535714575,0.5,True
765823480c2cedfe96b0,0.1,1.0,0.5,0.3333333333333333,True
7667ce1220be1553bd8a,0.1,1.0,0.6309297535714575,0.5,True
766ea26cb046a9e0987b,0.0,0.0,0.0,0.0,True
76806d6751330e2d07e9,0.0,0.0,0.0,0.0,True
76865ea76d256fb6d534,0.0,0.0,0.0,0.0,False
768d98307d0f625a0571,0.0,0.0,0.0,0.0,True
769671aaea202feeb890,0.0,0.0,0.0,0.0,True
76968b32077c101f9e40,0.0,0.0,0.0,0.0,True
76d608cbac7659216247,0.0,0.0,0.0,0.0,True
76f5a7764bf72af9b717,0.0,0.0,0.0,0.0,True
77273966b00c6f21de8d,0.0,0.0,0.0,0.0,True
774e5bf1109e35b0b941,0.0,0.0,0.0,0.0,True
7754fbfd1be6a99df565,0.0,0.0,0.0,0.0,True
775ba8c119bda893ba36,0.0,0.0,0.0,0.0,True
776ca13bef2ec8c87f1f,0.1,1.0,0.43067655807339306,0.25,True
77761a64268780f77009,0.0,0.0,0.0,0.0,True
777e43d9d87df9558c7f,0.1,1.0,1.0,1.0,True
77b3f8e561845ce1fdc4,0.0,0.0,0.0,0.0,True
77ba328a7752b5c15021,0.1,1.0,0.6309297535714575,0.5,True
77ba9c7bdfc5c102bfa7,0.0,0.0,0.0,0.0,True
77da492f6bf7134381be,0.0,0.0,0.0,0.0,True
77f01430aed64a19d4ae,0.0,0.0,0.0,0.0,True
78212280ecdb19cf99b1,0.0,0.0,0.0,0.0,True
7847e52ec6baef6b91f3,0.0,0.0,0.0,0.0,True
7873b7710456b674fb46,0.1,1.0,0.3333333333333333,0.14285714285714285,True
787b6515ab6c8d3ede64,0.0,0.0,0.0,0.0,False
78a06739b22da3380f85,0.0,0.0,0.0,0.0,True
78b6f6ee209ba750621c,0.0,0.0,0.0,0.0,True
78b93343d988e229a5db,0.0,0.0,0.0,0.0,True
790c8a456bbed79ca553,0.0,0.0,0.0,0.0,True
79123217b0b007da5874,0.0,0.0,0.0,0.0,True
794ad623755abf6840fb,0.0,0.0,0.0,0.0,True
794dd7ebd8f3a2e7c469,0.0,0.0,0.0,0.0,True
794fcb7bbda619c7c4cb,0.1,1.0,0.3010299956639812,0.1111111111111111,True
796665f4f681beec30a6,0.1,1.0,0.43067655807339306,0.25,True
7978aa77b3be88bd39c8,0.0,0.0,0.0,0.0,True
798ef61119b5432fc543,0.1,1.0,0.5,0.3333333333333333,True
7992abb8f734683e5897,0.0,0.0,0.0,0.0,True
799b4fc0b18fc8739cd8,0.1,1.0,1.0,1.0,True
79bf7134bd62115b3bf9,0.0,0.0,0.0,0.0,True
79df85b7323ac00bb556,0.1,1.0,0.38685280723454163,0.2,True
79ea25b65f69272765f0,0.0,0.0,0.0,0.0,True
79f94592ab175a5a9e9d,0.1,1.0,0.3333333333333333,0.14285714285714285,True
7a036dca4751232b4ce1,0.0,0.0,0.0,0.0,True
7a141e49583d789b6eab,0.0,0.0,0.0,0.0,True
7a24501776d67653e1d1,0.0,0.0,0.0,0.0,True
7a26f756e1b03c7be889,0.0,0.0,0.0,0.0,True
7a2e9b5a4d3060dddc7f,0.0,0.0,0.0,0.0,True
7a64f09153afd532b8a0,0.0,0.0,0.0,0.0,True
7a8fc43f2faef3a86613,0.0,0.0,0.0,0.0,True
7a99f8207a4b77e8bb2a,0.0,0.0,0.0,0.0,True
7abf01af9236ff3e681a,0.0,0.0,0.0,0.0,True
7ad528a659691dda02f9,0.0,0.0,0.0,0.0,True
7ada96b902b9123d8726,0.1,1.0,0.43067655807339306,0.25,True
7aea114ff7f14e43cebe,0.0,0.0,0.0,0.0,True
7af81e793a459878814a,0.0,0.0,0.0,0.0,False
7afadbb07d50a1c10871,0.0,0.0,0.0,0.0,True
7b2545fe114408e97e85,0.0,0.0,0.0,0.0,True
7b3184ff2116b4f05e96,0.1,1.0,1.0,1.0,True
7b451e5a0cf0d3b57253,0.0,0.0,0.0,0.0,True
7b46bbe221a281a71c10,0.0,0.0,0.0,0.0,True
7b5805335f80c227e658,0.0,0.0,0.0,0.0,True
7b59e98ea04c48e0153a,0.0,0.0,0.0,0.0,False
7b716210c51ae1529288,0.0,0.0,0.0,0.0,True
7b77f18201068733fde7,0.0,0.0,0.0,0.0,True
7b7e68d7b3fc991a4847,0.1,1.0,1.0,1.0,True
7b8296e63d370cc14905,0.0,0.0,0.0,0.0,True
7b89bf64bf7e8d57225d,0.0,0.0,0.0,0.0,True
7b9101bc2e237c7cdd2e,0.0,0.0,0.0,0.0,True
7b97be480612b49ec77d,0.0,0.0,0.0,0.0,True
7bf147be06922e3fd681,0.0,0.0,0.0,0.0,True
7c206381936e11c3a196,0.0,0.0,0.0,0.0,True
7c2cacf26cd028032dcf,0.0,0.0,0.0,0.0,True
7c3198a5efd5248a32bb,0.0,0.0,0.0,0.0,True
7c32ed20936b6ec924fe,0.0,0.0,0.0,0.0,True
7c42f2124c50128355cb,0.1,1.0,0.43067655807339306,0.25,True
7c42fe8a96f7d03c820d,0.0,0.0,0.0,0.0,True
7c435b094dd9ae6f8171,0.0,0.0,0.0,0.0,True
7c56966ba6e67ae70d1e,0.0,0.0,0.0,0.0,True
7c85b9b4eaf35cf0b3ed,0.0,0.0,0.0,0.0,True
7c93dd7aa29a067d4ae7,0.0,0.0,0.0,0.0,True
7c9c932ccc57e63cd91a,0.0,0.0,0.0,0.0,False
7ca7c4c1a072926c3d13,0.0,0.0,0.0,0.0,True
7cbf0c56a10343910605,0.0,0.0,0.0,0.0,True
7cfb334122fa9a2c5642,0.0,0.0,0.0,0.0,True
7d0e22fa679814c499d1,0.0,0.0,0.0,0.0,True
7d40fdf687693f928279,0.0,0.0,0.0,0.0,True
7d48bde75b32b86e0fd5,0.0,0.0,0.0,0.0,True
7d7733d79f8880f974e9,0.0,0.0,0.0,0.0,True
7d94988ddca762818d40,0.0,0.0,0.0,0.0,True
7da3f94d5850c9d28e5e,0.0,0.0,0.0,0.0,True
7dc021712ccad627d437,0.0,0.0,0.0,0.0,True
7dd3f4be8431c71e55fb,0.0,0.0,0.0,0.0,True
7ddd0a096d97ec735d30,0.0,0.0,0.0,0.0,True
7de0f5cfff3565db8406,0.0,0.0,0.0,0.0,True
7de4a27e643648432cd9,0.1,1.0,0.5,0.3333333333333333,True
7dedbad52c32a918aa7f,0.0,0.0,0.0,0.0,True
7e1212fd122d5f953447,0.0,0.0,0.0,0.0,True
7e1d882ec666fbbc7e71,0.0,0.0,0.0,0.0,True
7e2cda85130ed5f34004,0.0,0.0,0.0,0.0,True
7e2e5997da60f7f0fae7,0.0,0.0,0.0,0.0,False
7e44281e3098052c7e6e,0.0,0.0,0.0,0.0,True
7e4473c98ccfd553ca90,0.0,0.0,0.0,0.0,False
7e99a2bbbbb91e7f035a,0.0,0.0,0.0,0.0,True
7e9bc69fb5953ecdc14b,0.1,1.0,0.3333333333333333,0.14285714285714285,True
7ea961918783b7ada499,0.0,0.0,0.0,0.0,True
7ebba8145ea829abb5a0,0.1,1.0,0.38685280723454163,0.2,True
7eded346f02cdf1c8336,0.0,0.0,0.0,0.0,True
7ee984e2d14745c16f8e,0.0,0.0,0.0,0.0,True
7ef148bec08b1a1673cf,0.0,0.0,0.0,0.0,True
7efca82f84602392b1f3,0.0,0.0,0.0,0.0,True
7f10698ea4096782d960,0.0,0.0,0.0,0.0,True
7f5d374fa4ae7910008e,0.0,0.0,0.0,0.0,False
7f71795fadbe1958a5bc,0.0,0.0,0.0,0.0,True
7f9da1eaee180f4db32f,0.0,0.0,0.0,0.0,True
7fa0164f70331e8dfbb7,0.0,0.0,0.0,0.0,True
7fcb4a50219bf29a792f,0.0,0.0,0.0,0.0,True
7ff60843563919e5fa03,0.0,0.0,0.0,0.0,True
7fff64fe9821633f3034,0.0,0.0,0.0,0.0,True
8029a1cae8d07924a7f9,0.0,0.0,0.0,0.0,True
803d8fc3b04d33c78cbd,0.0,0.0,0.0,0.0,True
804cd5b5eec9be2062aa,0.0,0.0,0.0,0.0,True
805fcd5dfae4ff4936ff,0.0,0.0,0.0,0.0,True
809060777dbb10f8db6a,0.1,1.0,0.6309297535714575,0.5,True
80994fdbe60c8b2791eb,0.0,0.0,0.0,0.0,True
809daab20d5fb14204b4,0.1,1.0,0.6309297535714575,0.5,True
80a9395d0e34082843d8,0.1,1.0,0.43067655807339306,0.25,True
80b6428e84a9b8e18c1b,0.0,0.0,0.0,0.0,True
80eb02b38a5d124373e4,0.0,0.0,0.0,0.0,True
80ece655be54448405d3,0.0,0.0,0.0,0.0,True
80f2cb24a0fd6b4ee4ee,0.0,0.0,0.0,0.0,True
8104a821a9c4a309174b,0.0,0.0,0.0,0.0,True
813a2e9d35b5b296a70b,0.1,1.0,0.5,0.3333333333333333,True
8144f0600b085182fc39,0.0,0.0,0.0,0.0,False
8153a729d0348ed8ccfc,0.0,0.0,0.0,0.0,True
8156e62e6414eaf6214a,0.0,0.0,0.0,0.0,True
816cff00f1c464d526db,0.0,0.0,0.0,0.0,True
818a2b196a46c420dc95,0.1,1.0,0.6309297535714575,0.5,True
818b6e9ec48bf9368df0,0.0,0.0,0.0,0.0,True
818d29958e65ebe01c3f,0.1,1.0,0.31546487678572877,0.125,True
81940b2473d980a0cf36,0.1,1.0,0.2890648263178879,0.1,True
819b0bf7544324111ded,0.1,1.0,0.43067655807339306,0.25,True
81bb0d83736f3b656e3b,0.0,0.0,0.0,0.0,True
81bf3f2618ffc9943c58,0.0,0.0,0.0,0.0,True
81e98823c7f63b48c821,0.0,0.0,0.0,0.0,True
81fec32d98a6428b97d2,0.1,1.0,1.0,1.0,True
82049028b4773a65461a,0.0,0.0,0.0,0.0,True
821b71aaaf4fd7f7900d,0.0,0.0,0.0,0.0,True
8235559ea179a29f008b,0.0,0.0,0.0,0.0,True
824a678c35e28385bbdd,0.0,0.0,0.0,0.0,True
826b91877e6d1eb6c1ae,0.0,0.0,0.0,0.0,True
8287c865c14d949ac56d,0.0,0.0,0.0,0.0,True
82883242aef661c3ce3e,0.0,0.0,0.0,0.0,True
8299bc69e852285d0129,0.0,0.0,0.0,0.0,False
82a3c6ff13371f3ac7af,0.0,0.0,0.0,0.0,True
82b3342337c9ec9552fe,0.0,0.0,0.0,0.0,True
82b68cec871b411fdaac,0.0,0.0,0.0,0.0,True
82b80832733b98944d4b,0.1,1.0,0.5,0.3333333333333333,True
82be99aff35ac1010e7b,0.0,0.0,0.0,0.0,True
82c4b5384ef401e74c1b,0.0,0.0,0.0,0.0,True
82cc126953307263034e,0.0,0.0,0.0,0.0,True
82ceff9e32d7577bd2f2,0.0,0.0,0.0,0.0,True
82d42fd15a065a5d1789,0.0,0.0,0.0,0.0,True
82d968289e1bd1e51c83,0.0,0.0,0.0,0.0,True
82ffc63723286859fd09,0.1,1.0,1.0,1.0,True
830f8aecfc09f284167a,0.1,1.0,1.0,1.0,True
83208a33614656e0f7db,0.0,0.0,0.0,0.0,True
83250db805e7afeba659,0.0,0.0,0.0,0.0,True
832e6158644a2c8b52fa,0.0,0.0,0.0,0.0,True
833de0333901f892beb2,0.0,0.0,0.0,0.0,True
834de047cfab5a4fdbb8,0.0,0.0,0.0,0.0,True
836d72b96ca6cd32bcfd,0.0,0.0,0.0,0.0,True
83719d2f12921789cf72,0.1,1.0,0.6309297535714575,0.5,True
8393672d552342586be9,0.1,1.0,1.0,1.0,True
83a834d5cfd451e33a25,0.1,1.0,0.3333333333333333,0.14285714285714285,True
83c06d24c24ba6c07129,0.0,0.0,0.0,0.0,True
83ccfa60f6cdc2c49538,0.1,1.0,1.0,1.0,True
845e94b2be9fa0f6604f,0.0,0.0,0.0,0.0,True
845f2cf480766a5ab564,0.0,0.0,0.0,0.0,True
8476f4dc0bcf553a1179,0.1,1.0,0.6309297535714575,0.5,True
847a2815e4060a266251,0.0,0.0,0.0,0.0,True
84871c810ae81eb4ab31,0.1,1.0,0.6309297535714575,0.5,True
84f7a678ac21f40102e4,0.0,0.0,0.0,0.0,True
84f8092e6287c601a31f,0.0,0.0,0.0,0.0,True
8530a7c56048655e0f14,0.0,0.0,0.0,0.0,True
855338639bea084c3107,0.0,0.0,0.0,0.0,True
857363e73d7ddc2ef285,0.0,0.0,0.0,0.0,True
85749052aea8b6b5a995,0.0,0.0,0.0,0.0,True
85b370037c0861f3d3f2,0.0,0.0,0.0,0.0,True
86254d74b37e13124595,0.0,0.0,0.0,0.0,True
8642f8b28f09aa347303,0.0,0.0,0.0,0.0,True
867b0ac5c27a9b33cfdd,0.1,1.0,0.6309297535714575,0.5,True
867bc977b4289257e059,0.0,0.0,0.0,0.0,True
867ea32729d51000eceb,0.0,0.0,0.0,0.0,True
8680c1b4cc871323f229,0.0,0.0,0.0,0.0,True
869dc7eff84693bb29ab,0.0,0.0,0.0,0.0,True
86d04e4e5a03765742a5,0.1,1.0,0.6309297535714575,0.5,True
86e42557ffc358b59e36,0.0,0.0,0.0,0.0,True
870b3186aca23fbce005,0.0,0.0,0.0,0.0,True
873a580d9b2b4487e86e,0.0,0.0,0.0,0.0,True
876f6682d28084bc7171,0.0,0.0,0.0,0.0,True
879db3f32c9085fb98eb,0.0,0.0,0.0,0.0,True
87db43a8335ae2d85d53,0.0,0.0,0.0,0.0,True
87e401d0e7d8544fe093,0.0,0.0,0.0,0.0,False
88177d3f65ab1b4a584a,0.1,1.0,0.38685280723454163,0.2,True
882088b7a7ff9a9dfc0f,0.1,1.0,0.5,0.3333333333333333,True
8832a1cc8b5460ac78eb,0.0,0.0,0.0,0.0,True
8834d667a4f06e5752b4,0.1,1.0,0.5,0.3333333333333333,True
8844a424aa642a74a2d1,0.0,0.0,0.0,0.0,True
884c4f27007329249342,0.0,0.0,0.0,0.0,True
88545cdadebe680bd2eb,0.0,0.0,0.0,0.0,True
888559712eb66b281384,0.0,0.0,0.0,0.0,True
8887a043c216706cb5d2,0.0,0.0,0.0,0.0,True
88911dc4ca08ed1d0c20,0.0,0.0,0.0,0.0,True
8893e97f310cb2ee8ae4,0.1,1.0,0.6309297535714575,0.5,True
88aaa49b04dc2e79de60,0.0,0.0,0.0,0.0,True
88c19d954ef7f942e047,0.0,0.0,0.0,0.0,True
88c66dfb415833093d6a,0.0,0.0,0.0,0.0,True
88d6a50a31dd9c59def4,0.0,0.0,0.0,0.0,True
88e5f32e5d7b76deba01,0.0,0.0,0.0,0.0,True
892117172416b0815b18,0.0,0.0,0.0,0.0,True
8982c8d7f7a0ecfe1b9c,0.0,0.0,0.0,0.0,True
898dac5976d39bb0ed6d,0.0,0.0,0.0,0.0,True
898f9cf34ac9deae5dfb,0.1,1.0,0.6309297535714575,0.5,True
89a621384b450d33c0db,0.1,1.0,0.3562071871080222,0.16666666666666666,True
89cc58eb4a37518ab56e,0.1,1.0,0.5,0.3333333333333333,True
8a12005eefeb87ecda3a,0.0,0.0,0.0,0.0,True
8a3c50d5dd9bf272b5c3,0.0,0.0,0.0,0.0,True
8a652ab0530587e76e3c,0.0,0.0,0.0,0.0,True
8a748dcd641fab0272bd,0.1,1.0,0.2890648263178879,0.1,True
8a7d74ddfb69d44a9e49,0.1,1.0,0.43067655807339306,0.25,True
8a90d9dca1b45909f67c,0.1,1.0,0.31546487678572877,0.125,True
8a95e22f199077623542,0.0,0.0,0.0,0.0,False
8a96fdd97f7f47f0f1c2,0.0,0.0,0.0,0.0,True
8aae5961c5d1ad345895,0.0,0.0,0.0,0.0,False
8ac0635bd2b2711458b3,0.0,0.0,0.0,0.0,True
8ae85b8d43a62a2d5c0b,0.0,0.0,0.0,0.0,True
8af3cf14d23f3dff799f,0.0,0.0,0.0,0.0,True
8afdc612a060f33ca86a,0.1,1.0,0.3010299956639812,0.1111111111111111,True
8b0021c1cfeb4ba36e64,0.0,0.0,0.0,0.0,True
8b0df7a4f35b0f5cd97c,0.1,1.0,0.31546487678572877,0.125,True
8b13527a391a9d9fcfb0,0.0,0.0,0.0,0.0,True
8b1702a6da8f3a3700f2,0.0,0.0,0.0,0.0,True
8b1ceef6891e33e4eac9,0.0,0.0,0.0,0.0,True
8b3599844db04a194032,0.1,1.0,0.31546487678572877,0.125,True
8b459be8eb8c045e28e1,0.0,0.0,0.0,0.0,False
8b5a11ea5e9e19508e1e,0.0,0.0,0.0,0.0,True
8b6211db5ed10be8fc9d,0.0,0.0,0.0,0.0,True
8b9865a0fb5837984cfa,0.1,1.0,0.38685280723454163,0.2,True
8b9b6beed9a561ee8fab,0.1,1.0,0.38685280723454163,0.2,True
8bd8ff78daf21c81a491,0.0,0.0,0.0,0.0,True
8bf5804651e31ec4d32d,0.0,0.0,0.0,0.0,True
8c0d11ed83b3b9031142,0.1,1.0,0.5,0.3333333333333333,True
8c229b2988ef92751ed8,0.0,0.0,0.0,0.0,True
8c35d51a0babc5c8cfcc,0.1,1.0,0.43067655807339306,0.25,True
8c479db90466b87f3cab,0.0,0.0,0.0,0.0,True
8c6cdc1c1172b6f0dd66,0.0,0.0,0.0,0.0,True
8c817fd173c30f70cb42,0.0,0.0,0.0,0.0,True
8c9fa55a61e21af9971b,0.0,0.0,0.0,0.0,True
8ca4fc84e9f44aa05fd8,0.0,0.0,0.0,0.0,True
8ce333d4f3ec6691c772,0.1,1.0,0.5,0.3333333333333333,True
8ce3fc1495708c86dc76,0.0,0.0,0.0,0.0,True
8d160eaea247256a3d91,0.0,0.0,0.0,0.0,True
8d1e30e905f1c1bda598,0.0,0.0,0.0,0.0,True
8d2e3d643be33db3dcfc,0.0,0.0,0.0,0.0,True
8d324474a9cd2c34c3fd,0.0,0.0,0.0,0.0,True
8d3843ff4575d82d2ab1,0.0,0.0,0.0,0.0,True
8da84a0f3290d342dcdd,0.0,0.0,0.0,0.0,True
8dae08bfabaecaf5b8fe,0.1,1.0,0.6309297535714575,0.5,True
8dbb8258f1dcf9825c3e,0.0,0.0,0.0,0.0,True
8dbf4e4692ddfa7e35ed,0.0,0.0,0.0,0.0,True
8dd6a79071ca3a85651f,0.0,0.0,0.0,0.0,True
8de0ba53d0f00459b266,0.0,0.0,0.0,0.0,True
8e065704acc6f5f0a83f,0.0,0.0,0.0,0.0,True
8e0d02003cac240f1b6a,0.0,0.0,0.0,0.0,True
8e0deac18585cce4dc22,0.0,0.0,0.0,0.0,True
8e152ce7147bd4a2693c,0.0,0.0,0.0,0.0,True
8e229d7ed2829607b81a,0.0,0.0,0.0,0.0,False
8e4b6f20c53ff5803b43,0.1,1.0,0.3562071871080222,0.16666666666666666,True
8e6ad92019ed7fd4ae2e,0.1,1.0,1.0,1.0,True
8e84526574418dc87c24,0.0,0.0,0.0,0.0,True
8e9f7338e358da790b1e,0.0,0.0,0.0,0.0,True
8ea7d1917677e19cec73,0.0,0.0,0.0,0.0,True
8ec85cb917789656eb6f,0.0,0.0,0.0,0.0,True
8eced4ffba90b0db6285,0.1,1.0,1.0,1.0,True
8f1ed9f173504ac7945c,0.0,0.0,0.0,0.0,True
8f258a98b180355c7c62,0.0,0.0,0.0,0.0,True
8f2993116776ebf5d540,0.0,0.0,0.0,0.0,True
8f2d35ac4594fadd88da,0.1,1.0,0.2890648263178879,0.1,True
8f4479f410749b6ffd31,0.0,0.0,0.0,0.0,True
8f59c9c93c1b00561f5e,0.0,0.0,0.0,0.0,True
8f6a3ea8fe0488e81c1e,0.0,0.0,0.0,0.0,True
8f7ee6ec74584c5dc1c6,0.0,0.0,0.0,0.0,True
8f7fecfef8752b2d999d,0.0,0.0,0.0,0.0,True
8f88d5326772da5dd4e7,0.0,0.0,0.0,0.0,True
8faac217bcbf80f2bd0e,0.0,0.0,0.0,0.0,True
8fe746d34e216b08859d,0.1,1.0,0.31546487678572877,0.125,True
8ff5ba8a6e7aa7f6d72c,0.1,1.0,0.3333333333333333,0.14285714285714285,True
900772224487cf36f516,0.1,1.0,0.5,0.3333333333333333,True
9007a853747a855b4977,0.0,0.0,0.0,0.0,True
9013184053407628b14f,0.0,0.0,0.0,0.0,True
902854de4d6f04687249,0.1,1.0,1.0,1.0,True
902eb5564ef0cbc37ab3,0.0,0.0,0.0,0.0,True
906bd78e944c37f758f2,0.1,1.0,1.0,1.0,True
906dd932d1d58bc0ef51,0.1,1.0,0.5,0.3333333333333333,True
9095536b539af7c253e9,0.1,1.0,0.6309297535714575,0.5,True
90ca76660c7ee7a70b15,0.0,0.0,0.0,0.0,True
912c402052b34051dede,0.0,0.0,0.0,0.0,True
918071a996374856b605,0.0,0.0,0.0,0.0,True
919ddcac647cd5a30c5e,0.0,0.0,0.0,0.0,True
91dcabf6b084a5459a2a,0.0,0.0,0.0,0.0,True
91ddec435cb28bc6df7e,0.0,0.0,0.0,0.0,True
91e94f3c5f961289b537,0.0,0.0,0.0,0.0,True
91f22404a79d2833b1dd,0.0,0.0,0.0,0.0,True
91f63d87232ecec3ee7e,0.0,0.0,0.0,0.0,True
92015675c187f8e70f4f,0.0,0.0,0.0,0.0,True
923c924fc6835e728303,0.0,0.0,0.0,0.0,True
9243819bba40893a361c,0.0,0.0,0.0,0.0,True
92601a741901749d407a,0.0,0.0,0.0,0.0,True
926259cc159a4f76d3a7,0.0,0.0,0.0,0.0,False
928b4ceb62b1f3018919,0.0,0.0,0.0,0.0,True
928e06d46264c0c0773d,0.1,1.0,0.6309297535714575,0.5,True
92c24177bb0e7860c799,0.1,1.0,0.3562071871080222,0.16666666666666666,True
92c266759520150ccad5,0.0,0.0,0.0,0.0,True
92ccf4ef27d842dc88ec,0.0,0.0,0.0,0.0,True
92cd737cd5b21749eccf,0.0,0.0,0.0,0.0,True
92ce06dc717c72b9a781,0.0,0.0,0.0,0.0,True
92f08a8d7b002c5e700f,0.0,0.0,0.0,0.0,True
930d7daa980c5c371b5a,0.0,0.0,0.0,0.0,True
931140888488361d08af,0.0,0.0,0.0,0.0,True
93322f2e9b650eee2b4c,0.0,0.0,0.0,0.0,True
9340cc41a9e944b74fa6,0.1,1.0,0.2890648263178879,0.1,True
936063a5b1b91b2da35c,0.0,0.0,0.0,0.0,True
93759f1bf8e1fa4d37ed,0.0,0.0,0.0,0.0,True
93897388c87dddb3c322,0.0,0.0,0.0,0.0,True
938dbe9dfbc94600bb9f,0.1,1.0,0.31546487678572877,0.125,True
93c066d0d76fe01e95e7,0.0,0.0,0.0,0.0,True
93d4c666479cc9a56eeb,0.0,0.0,0.0,0.0,True
94018868ad2e4f761b72,0.0,0.0,0.0,0.0,True
9425c59c4f70b61e6f4a,0.0,0.0,0.0,0.0,True
94354546ab5d6dd99d87,0.0,0.0,0.0,0.0,True
94378df0ee4334dc26ee,0.0,0.0,0.0,0.0,True
94513e3b11f9e0240e7e,0.1,1.0,1.0,1.0,True
949f6c49a60510caaf76,0.0,0.0,0.0,0.0,True
94dabde29fa6d02157e8,0.1,1.0,1.0,1.0,True
94e2ef5cb1d72f734ab4,0.0,0.0,0.0,0.0,True
94f47aa625b7e75ffdde,0.0,0.0,0.0,0.0,False
95183b5d8d31583fd9fc,0.0,0.0,0.0,0.0,True
95247835bfb7acf3acd2,0.0,0.0,0.0,0.0,True
952df044fea8b7183c0c,0.0,0.0,0.0,0.0,True
953337298c6281eda2e1,0.0,0.0,0.0,0.0,True
953f395f80aa03963f32,0.0,0.0,0.0,0.0,True
9557aabc45c7fe1076ca,0.0,0.0,0.0,0.0,True
9557b1a446e2afab1f9d,0.0,0.0,0.0,0.0,True
955ba02bed2b804527a0,0.0,0.0,0.0,0.0,True
95635b2231dd4e631ed9,0.0,0.0,0.0,0.0,True
958de0e8ee615bb5be1a,0.0,0.0,0.0,0.0,True
9590c1cb681a3dba12ef,0.0,0.0,0.0,0.0,True
959ff4fd4f9380dcb88d,0.0,0.0,0.0,0.0,True
95eeac03b7f334485dc9,0.0,0.0,0.0,0.0,True
95ef0e1dbd3bbc8df1f2,0.0,0.0,0.0,0.0,True
95f5120648b84721900a,0.1,1.0,0.6309297535714575,0.5,True
960c39428c21ab4e5c16,0.0,0.0,0.0,0.0,True
9630cf9fa5019f775590,0.0,0.0,0.0,0.0,True
964bb5576edeac1bf326,0.0,0.0,0.0,0.0,True
9670953635b7b852c0c7,0.0,0.0,0.0,0.0,False
968bf6a990962ce1aa78,0.0,0.0,0.0,0.0,True
96ad80a7bf6117fa20be,0.0,0.0,0.0,0.0,True
96b4128618a05fa36013,0.0,0.0,0.0,0.0,True
96bac00387ea4c8034a5,0.0,0.0,0.0,0.0,True
96c9cea2fa9d227d4164,0.0,0.0,0.0,0.0,True
96d13b391a2fedaee38b,0.1,1.0,1.0,1.0,True
96dd5aea31ba41c1eb3e,0.0,0.0,0.0,0.0,True
96e20981c0bf4e178aef,0.0,0.0,0.0,0.0,True
97114ce026c84b887b67,0.0,0.0,0.0,0.0,True
971558f27dfd5cf94c57,0.0,0.0,0.0,0.0,True
97177f65a72448496785,0.0,0.0,0.0,0.0,True
97255c6d8e660f272443,0.0,0.0,0.0,0.0,True
972b42d470752dde5b15,0.1,1.0,0.38685280723454163,0.2,True
972dc0bb3f51eba8826b,0.0,0.0,0.0,0.0,True
972e8c4582eb4a7c1bf0,0.1,1.0,0.2890648263178879,0.1,True
973100e5b07f4995ba3d,0.0,0.0,0.0,0.0,True
97345c93695021e156ee,0.1,1.0,0.3562071871080222,0.16666666666666666,True
978ce13775729848da87,0.0,0.0,0.0,0.0,True
97991f4617a5410ce817,0.0,0.0,0.0,0.0,True
97cc0c6142a7c32d292e,0.0,0.0,0.0,0.0,True
97d740360ed2f9fe4ea5,0.0,0.0,0.0,0.0,True
97dbd0b8650d802f6aef,0.0,0.0,0.0,0.0,True
97e5a5720eef3bd5bf4a,0.1,1.0,0.38685280723454163,0.2,True
97edbf01d21c0301d5b6,0.0,0.0,0.0,0.0,True
97fe9918817e55d31b1c,0.0,0.0,0.0,0.0,True
981a5ca4d5deb5145420,0.0,0.0,0.0,0.0,True
98274c75e5b0f463a81a,0.0,0.0,0.0,0.0,False
9838f9160ae6c03f3af1,0.0,0.0,0.0,0.0,True
983d8ce8e3c871f00b37,0.0,0.0,0.0,0.0,True
985b3dd3ff5188aaa41d,0.1,1.0,1.0,1.0,True
98c0efeede3fc3aa113e,0.1,1.0,0.5,0.3333333333333333,True
99019ce5bd64202f7e9b,0.1,1.0,0.3333333333333333,0.14285714285714285,True
99327f36d66ca65af231,0.1,1.0,1.0,1.0,True
99335175547c108a99d1,0.1,1.0,0.6309297535714575,0.5,True
99428b32e746e76fb757,0.0,0.0,0.0,0.0,True
99644fdcb89bfe39c232,0.0,0.0,0.0,0.0,True
99662b04a3dc2bddf1a2,0.1,1.0,0.31546487678572877,0.125,True
9970dbe64e5d413e938f,0.1,1.0,1.0,1.0,True
998456701d32f2f204cc,0.0,0.0,0.0,0.0,True
99897a5d3d3432c1dfb7,0.0,0.0,0.0,0.0,True
998ba19ba3cb09d2711e,0.0,0.0,0.0,0.0,True
9992592cc272183a4e85,0.1,1.0,0.38685280723454163,0.2,True
99973a8752fd68cc09d8,0.0,0.0,0.0,0.0,True
99a56037193899ccfe2d,0.0,0.0,0.0,0.0,True
99a84cb4ff964b34f46e,0.0,0.0,0.0,0.0,True
99ac9691cc680025d3b5,0.0,0.0,0.0,0.0,True
99d994d2df825a34e157,0.0,0.0,0.0,0.0,True
99dd04b705cb299d4ee3,0.0,0.0,0.0,0.0,True
99dfac23719daa913fb7,0.0,0.0,0.0,0.0,True
99e1ff400202a2d6ac68,0.0,0.0,0.0,0.0,True
99f6c9e9682d940b66e1,0.1,1.0,0.38685280723454163,0.2,True
9a1b7f896620ff4f8878,0.0,0.0,0.0,0.0,False
9a2d12afde2245927ebc,0.0,0.0,0.0,0.0,True
9a4b711ec11fa32a582e,0.0,0.0,0.0,0.0,True
9a4f76de5a4eadaa0339,0.0,0.0,0.0,0.0,True
9a8591cb5ecdc9096f0c,0.0,0.0,0.0,0.0,True
9abd3d5dac9c10709e86,0.1,1.0,0.3010299956639812,0.1111111111111111,True
9b08684990ca735d123f,0.0,0.0,0.0,0.0,True
9b17f78c4e70c3af4e35,0.0,0.0,0.0,0.0,True
9b4fce463862d4678402,0.0,0.0,0.0,0.0,True
9b64950eb293b5ac1415,0.1,1.0,0.6309297535714575,0.5,True
9b67aceaa5a53e512e7b,0.0,0.0,0.0,0.0,True
9b90e8db28bee6b08093,0.0,0.0,0.0,0.0,True
9b966c0507b9d15ba4fa,0.1,1.0,0.5,0.3333333333333333,True
9b974295dcc7931400a0,0.0,0.0,0.0,0.0,True
9b9acbf06f7e3e9c9cd2,0.1,1.0,0.2890648263178879,0.1,True
9bc738df0ab4addd84c3,0.0,0.0,0.0,0.0,True
9bd598479a38aa6e5bd7,0.0,0.0,0.0,0.0,True
9beb4458e666823882e6,0.0,0.0,0.0,0.0,True
9c0e2ed69ea1600ef60b,0.0,0.0,0.0,0.0,True
9c130b0ba9b39b5d1f1d,0.0,0.0,0.0,0.0,True
9c4c6b4f75af230c4c73,0.0,0.0,0.0,0.0,True
9cce6d658392789fa595,0.0,0.0,0.0,0.0,True
9cd4629284b19e1361d7,0.1,1.0,0.3562071871080222,0.16666666666666666,True
9d140b1729ce19cc03bf,0.0,0.0,0.0,0.0,True
9d20f8ee1abf020c71ea,0.0,0.0,0.0,0.0,True
9d2d75d8bfee6f68ffff,0.0,0.0,0.0,0.0,True
9d3306a3421ca5444abc,0.0,0.0,0.0,0.0,False
9d43b841b5dbeb303a82,0.0,0.0,0.0,0.0,True
9d84fd04016d20086197,0.0,0.0,0.0,0.0,True
9d96ac48ccea2f2b1dd0,0.1,1.0,1.0,1.0,True
9e3418c03820d01239c0,0.1,1.0,1.0,1.0,True
9e4731db537be917829b,0.0,0.0,0.0,0.0,True
9e62c630e5bf9a8a2df3,0.0,0.0,0.0,0.0,True
9e8ef95b57fa1152e9eb,0.0,0.0,0.0,0.0,True
9e97154a507caf68b177,0.0,0.0,0.0,0.0,True
9ea509f56b612eae8afe,0.0,0.0,0.0,0.0,True
9ecbae69180e5b478568,0.0,0.0,0.0,0.0,True
9ee9235c745ccd8b654b,0.0,0.0,0.0,0.0,True
9ef4149e697f9a4797c0,0.0,0.0,0.0,0.0,True
9f1c572f581dfa509216,0.0,0.0,0.0,0.0,True
9f5802913ae314c74965,0.0,0.0,0.0,0.0,True
9f9dbac9165677a22f95,0.0,0.0,0.0,0.0,True
9fa805dd740ce78360e2,0.1,1.0,0.2890648263178879,0.1,True
9fba125e1531ddb070a9,0.0,0.0,0.0,0.0,True
9fc97562c293c1349961,0.0,0.0,0.0,0.0,True
9fce251d9980462a5473,0.0,0.0,0.0,0.0,True
9ff0023415dd68bb32a5,0.1,1.0,0.6309297535714575,0.5,True
9ff6d2e7a6f2b1c84401,0.0,0.0,0.0,0.0,True
9ffd861fa2af88b3412f,0.0,0.0,0.0,0.0,True
a02651b137fb2a796a04,0.1,1.0,1.0,1.0,True
a02844ebf33ce9e1e890,0.0,0.0,0.0,0.0,True
a02ffa7f4b45e8295608,0.1,1.0,1.0,1.0,True
a05023250d7a20e94318,0.0,0.0,0.0,0.0,True
a0a5078f184904009318,0.1,1.0,0.31546487678572877,0.125,True
a0b3a0d6b213dceef2d7,0.0,0.0,0.0,0.0,True
a0baf433b5eb1792b775,0.1,1.0,1.0,1.0,True
a0c2fcd427426ec1e513,0.0,0.0,0.0,0.0,True
a0c7b5690d651e874dbc,0.1,1.0,0.6309297535714575,0.5,True
a0cd850d5a8a2d379fdb,0.0,0.0,0.0,0.0,True
a0cea660b0856ca5ad7c,0.0,0.0,0.0,0.0,True
a0cfc6fd48af90783211,0.0,0.0,0.0,0.0,True
a0df0a04186ae86caea8,0.0,0.0,0.0,0.0,True
a101b898262b5c4d0b6d,0.0,0.0,0.0,0.0,True
a11aa81cc46bdac10e36,0.0,0.0,0.0,0.0,True
a120638497923dd28d73,0.0,0.0,0.0,0.0,True
a1218d4f14d5f3910291,0.0,0.0,0.0,0.0,True
a125b0e3ecc03fb1fcb3,0.0,0.0,0.0,0.0,True
a18a7395da2b8ed85a8c,0.0,0.0,0.0,0.0,True
a19610445f8aede46478,0.0,0.0,0.0,0.0,True
a1c12b9aa4888a463fc3,0.0,0.0,0.0,0.0,True
a2198f5b8626059e6370,0.0,0.0,0.0,0.0,True
a23bb2f592c7968d56bb,0.0,0.0,0.0,0.0,True
a25645f30ffcf29437ad,0.0,0.0,0.0,0.0,True
a2697508e7f4f5c5b642,0.1,1.0,0.5,0.3333333333333333,True
a2807128a738cb5d7d74,0.0,0.0,0.0,0.0,True
a28b99aa5cf116bc5f30,0.0,0.0,0.0,0.0,True
a31725ab8667a86a8bad,0.0,0.0,0.0,0.0,True
a32a28487f0fb1ff523c,0.0,0.0,0.0,0.0,False
a34e877cb004819698de,0.0,0.0,0.0,0.0,True
a371b4a768746673bd09,0.0,0.0,0.0,0.0,True
a3979520eb85eb6a08a1,0.1,1.0,0.6309297535714575,0.5,True
a3cb8a1c9b41750d4e42,0.0,0.0,0.0,0.0,True
a3d9e938084dde51422a,0.0,0.0,0.0,0.0,True
a3f82f586ed9ae11a2da,0.0,0.0,0.0,0.0,True
a4102a768cf4715264e0,0.0,0.0,0.0,0.0,True
a41261e6556685a47c68,0.0,0.0,0.0,0.0,True
a42c2223e978edd4023a,0.0,0.0,0.0,0.0,True
a44b0a959f98157e1b90,0.1,1.0,0.3010299956639812,0.1111111111111111,True
a46f896382702c667110,0.0,0.0,0.0,0.0,True
a47d7963fd1aa2599c2a,0.0,0.0,0.0,0.0,True
a4916a1b7e18e3a06c19,0.0,0.0,0.0,0.0,True
a49a24c535488b867cc3,0.0,0.0,0.0,0.0,True
a4bea990548e7024af71,0.0,0.0,0.0,0.0,True
a4c228be0be7911c105e,0.0,0.0,0.0,0.0,True
a4c9fef0ab4833560346,0.1,1.0,1.0,1.0,True
a4d2a3f91cdc73442118,0.0,0.0,0.0,0.0,True
a50fa85dd7c0105956d1,0.1,1.0,1.0,1.0,True
a5161483308ec99535ea,0.0,0.0,0.0,0.0,True
a52bb08bd3470f5cac78,0.0,0.0,0.0,0.0,True
a52c3ef2b1e8d34f7c60,0.0,0.0,0.0,0.0,True
a5342784229210608f7c,0.0,0.0,0.0,0.0,True
a55e33094d4f25595cbe,0.0,0.0,0.0,0.0,True
a59308e843e9a19a2d0e,0.0,0.0,0.0,0.0,True
a5d74b5182ccc8f1c637,0.0,0.0,0.0,0.0,True
a5fc1c35a79376a6ea8a,0.0,0.0,0.0,0.0,True
a60697768c922ecfba7b,0.0,0.0,0.0,0.0,True
a65f5da945943d3bddcd,0.0,0.0,0.0,0.0,True
a661d4cf9bee154439ae,0.0,0.0,0.0,0.0,True
a6758febe9bdd426e7f1,0.1,1.0,0.43067655807339306,0.25,True
a67cccb025f4decef5db,0.0,0.0,0.0,0.0,True
a69caf9253da974c0591,0.0,0.0,0.0,0.0,True
a6b6977bbcf000582838,0.0,0.0,0.0,0.0,True
a6e17e7291f90dabfb8d,0.0,0.0,0.0,0.0,True
a6eba68a9086410674b5,0.0,0.0,0.0,0.0,True
a6ef62a3a2731f626b51,0.0,0.0,0.0,0.0,True
a6fb9a67d40d3e43766b,0.0,0.0,0.0,0.0,True
a71c799d49696fc4262b,0.0,0.0,0.0,0.0,True
a740cf905dc8db8aa7f7,0.0,0.0,0.0,0.0,True
a745de89dccb8cd94f95,0.0,0.0,0.0,0.0,True
a7735dba126d7d0123d3,0.0,0.0,0.0,0.0,True
a7e14da609900a8bb602,0.0,0.0,0.0,0.0,True
a808bb7c1bd655f23e61,0.0,0.0,0.0,0.0,True
a82c6e88649fd2d714ea,0.0,0.0,0.0,0.0,True
a83130f2f9e983db00e6,0.0,0.0,0.0,0.0,True
a835827df513bf5dc3c2,0.0,0.0,0.0,0.0,True
a8662efde6bd1c3b847a,0.0,0.0,0.0,0.0,True
a87a580430da80a60b70,0.1,1.0,0.3562071871080222,0.16666666666666666,True
a8c1ef0947d09d850fa9,0.0,0.0,0.0,0.0,True
a8dfad2e31064df5a573,0.0,0.0,0.0,0.0,True
a8e4c38f57733c32322d,0.0,0.0,0.0,0.0,True
a8f71fad055ab0dbb28f,0.1,1.0,0.6309297535714575,0.5,True
a964f4df7ecc27e24134,0.0,0.0,0.0,0.0,True
a9794bc1352a2f0e7ffa,0.1,1.0,0.6309297535714575,0.5,True
a994a7d491e93d1362de,0.0,0.0,0.0,0.0,True
a99a26cdc63aadeb911a,0.1,1.0,0.31546487678572877,0.125,True
a9b0b851198a17b64659,0.0,0.0,0.0,0.0,True
a9de7e7b20ad37cb7b0d,0.1,1.0,1.0,1.0,True
a9f02c7c23ef0d7e7e86,0.0,0.0,0.0,0.0,True
a9f7e9a1b21734ae2ea9,0.0,0.0,0.0,0.0,True
aa1810361b6b887a818f,0.0,0.0,0.0,0.0,True
aa32f274a1a30c996cad,0.1,1.0,0.5,0.3333333333333333,True
aa446dd06cd84b607d6e,0.0,0.0,0.0,0.0,True
aa65943a0eac6910fa08,0.0,0.0,0.0,0.0,True
aa65a209196bc5526518,0.1,1.0,1.0,1.0,True
aa761c328c58f2097fe9,0.0,0.0,0.0,0.0,True
aa86ee9dabf111c6fa6d,0.0,0.0,0.0,0.0,True
aa8cccfd19438ae79e53,0.0,0.0,0.0,0.0,True
aa9fd25470924df27635,0.1,1.0,0.3333333333333333,0.14285714285714285,True
aaa165986a36e644805b,0.0,0.0,0.0,0.0,True
aac1b6c11fffa7f48315,0.1,1.0,0.6309297535714575,0.5,True
aac2a66ed316691724ae,0.0,0.0,0.0,0.0,True
aac9f1c0d35db7f022e3,0.0,0.0,0.0,0.0,True
aae940935003e493248c,0.0,0.0,0.0,0.0,True
aaf3054c3842f0e0d53f,0.0,0.0,0.0,0.0,True
ab02d127c986b0702141,0.1,1.0,0.6309297535714575,0.5,True
ab1b43a30b845a879cee,0.0,0.0,0.0,0.0,True
ab313fcff6b79d83ff0c,0.0,0.0,0.0,0.0,True
ab320e7f1cd30aab955c,0.0,0.0,0.0,0.0,True
ab92a5c6b2728e2084ec,0.0,0.0,0.0,0.0,True
ab97926e8faa835525d2,0.0,0.0,0.0,0.0,True
abdc69ece0bff97f8e44,0.0,0.0,0.0,0.0,True
abe2c5bc4a430956f96f,0.0,0.0,0.0,0.0,True
abf13307c09dfde40610,0.0,0.0,0.0,0.0,True
ac0ee3ec178b48db6d69,0.0,0.0,0.0,0.0,True
ac12ee38a192c9bde5e3,0.0,0.0,0.0,0.0,True
ac1d4f03301ae89aae52,0.0,0.0,0.0,0.0,True
ac29ac31a67fe8d141a9,0.0,0.0,0.0,0.0,True
ac6e3bf35cc057b1f07b,0.0,0.0,0.0,0.0,True
ac9c45d5923941791084,0.1,1.0,0.3010299956639812,0.1111111111111111,True
aca7add8ba0cdec42ca6,0.1,1.0,1.0,1.0,True
acc0833acb8fc66e7ca5,0.0,0.0,0.0,0.0,True
acc2ba974a3bff525202,0.0,0.0,0.0,0.0,True
acf009c61653297103b5,0.0,0.0,0.0,0.0,True
acf7d87db0422046f4b3,0.0,0.0,0.0,0.0,True
ad057d7bf642c5e0ad23,0.0,0.0,0.0,0.0,True
ad1b0302a78e91e5ecda,0.0,0.0,0.0,0.0,True
ad261f5b6bb9a67887b1,0.0,0.0,0.0,0.0,True
ad2c5dc9da20004530ec,0.0,0.0,0.0,0.0,True
ad3774f06328476138f2,0.0,0.0,0.0,0.0,True
ad6f45787aab626a5b4d,0.0,0.0,0.0,0.0,True
ad87037d6ec377c52bc4,0.0,0.0,0.0,0.0,True
ad8a8c3103e0729ec226,0.0,0.0,0.0,0.0,True
adab9380aa14a7a6213c,0.0,0.0,0.0,0.0,True
add6c154c88a9e4651be,0.0,0.0,0.0,0.0,True
add94518e776f1aea4b2,0.0,0.0,0.0,0.0,True
adf404a1d34fdd9d394c,0.1,1.0,0.38685280723454163,0.2,True
adfaec8b1f772cbccd48,0.0,0.0,0.0,0.0,True
ae171e7ae4e5e67b9682,0.0,0.0,0.0,0.0,True
ae326b6924b038781dca,0.0,0.0,0.0,0.0,True
ae446ef8b606de5acfdf,0.0,0.0,0.0,0.0,True
ae4b929dc2e9cdaedd3a,0.0,0.0,0.0,0.0,True
ae558f39091cf7f219de,0.0,0.0,0.0,0.0,True
ae5eb539333fd102be4a,0.0,0.0,0.0,0.0,True
aeab10ba6a7d650fd74a,0.0,0.0,0.0,0.0,True
aeab82e89340e8f743e2,0.0,0.0,0.0,0.0,True
aed5210ff577eb62adba,0.0,0.0,0.0,0.0,True
aed574c41a8c8dc3bc34,0.0,0.0,0.0,0.0,False
aefce873f67b78f4c544,0.0,0.0,0.0,0.0,True
af0f2abf09ad8e9f95dd,0.0,0.0,0.0,0.0,True
af3efbb5fa8283313dda,0.0,0.0,0.0,0.0,True
aff6ebd40eeb161ad28d,0.0,0.0,0.0,0.0,True
b03366d375aba250fa94,0.0,0.0,0.0,0.0,True
b046856be14f134f87a7,0.1,1.0,0.43067655807339306,0.25,True
b0765e709e446abde049,0.0,0.0,0.0,0.0,True
b0b8e34f6f2ed1aba14b,0.0,0.0,0.0,0.0,True
b0bf655de3bb8745a849,0.1,1.0,0.3010299956639812,0.1111111111111111,True
b0e7b905771dc32769cf,0.0,0.0,0.0,0.0,True
b151244bf8181b0f12bb,0.0,0.0,0.0,0.0,True
b15565c14dff998aca72,0.0,0.0,0.0,0.0,True
b1abcda113489bfbe70d,0.1,1.0,0.5,0.3333333333333333,True
b1b39512481346c8b4c4,0.0,0.0,0.0,0.0,True
b1c53da4032505e525bd,0.0,0.0,0.0,0.0,True
b1cc1b54b1cc441dcc4e,0.1,1.0,0.43067655807339306,0.25,True
b1d1aab8a231218404cf,0.0,0.0,0.0,0.0,True
b1df410ed6ab6cf34c7f,0.1,1.0,0.5,0.3333333333333333,True
b2131b51bd691a43fa99,0.0,0.0,0.0,0.0,True
b22f1ebb4b45ff5ed751,0.0,0.0,0.0,0.0,True
b231ceaeaf3177d9d569,0.0,0.0,0.0,0.0,True
b23ffdf39751a35a1f16,0.1,1.0,0.2890648263178879,0.1,True
b24e434b8415aa49b902,0.1,1.0,0.5,0.3333333333333333,True
b25e54cf69fe95253cc6,0.0,0.0,0.0,0.0,True
b27e5ea347b6ce55ca48,0.0,0.0,0.0,0.0,False
b2aa24fb92e7dd0e72e7,0.0,0.0,0.0,0.0,True
b2c0146b9ded051c5881,0.0,0.0,0.0,0.0,True
b2c16077f32210a23898,0.0,0.0,0.0,0.0,True
b2e28230b77a5c5d4b9b,0.0,0.0,0.0,0.0,True
b2f9531ad70a5ba611d0,0.0,0.0,0.0,0.0,True
b30a834b7cfbdbfb363a,0.0,0.0,0.0,0.0,True
b319452e2d7346e2f754,0.0,0.0,0.0,0.0,True
b35cd650844f61c2ede6,0.0,0.0,0.0,0.0,True
b378c54c2708ea103d0a,0.0,0.0,0.0,0.0,True
b37e82570d6e99b0b30c,0.1,1.0,0.3333333333333333,0.14285714285714285,True
b38d9e406d56cfe3b296,0.1,1.0,0.31546487678572877,0.125,True
b3a5296420d254b8ec21,0.0,0.0,0.0,0.0,True
b3c51273e79bb6a71210,0.0,0.0,0.0,0.0,True
b3c7d77deec161aaab65,0.0,0.0,0.0,0.0,True
b3fb8833f16512de454b,0.0,0.0,0.0,0.0,True
b4032eb75d8db9f48d85,0.0,0.0,0.0,0.0,True
b430277a01800528a829,0.0,0.0,0.0,0.0,True
b437c17ad89514b4990a,0.0,0.0,0.0,0.0,True
b4485345488908c732b6,0.0,0.0,0.0,0.0,True
b469a64ecf7bbac4cc4a,0.0,0.0,0.0,0.0,True
b4861016fcca9cfb68b0,0.1,1.0,0.6309297535714575,0.5,True
b48faeb868d2070b77b6,0.0,0.0,0.0,0.0,True
b4d4b18ccd678558a8f6,0.0,0.0,0.0,0.0,True
b4f9885182a6a85cf82b,0.0,0.0,0.0,0.0,True
b5090ff93a88de8ea5c7,0.0,0.0,0.0,0.0,True
b50f533d20f178d7d274,0.1,1.0,1.0,1.0,True
b51ee69b95e12909a9a2,0.0,0.0,0.0,0.0,True
b52e4c9c074c7bedd08e,0.0,0.0,0.0,0.0,True
b58c102fbe36db53b705,0.0,0.0,0.0,0.0,True
b5916aeb73fa1e3ac36a,0.0,0.0,0.0,0.0,True
b5b992b56cf0df13227c,0.0,0.0,0.0,0.0,True
b5bdc22fd3b42d1600f2,0.0,0.0,0.0,0.0,True
b5e3c1d97438ef016cf0,0.0,0.0,0.0,0.0,True
b62347cc3fe3112bf886,0.0,0.0,0.0,0.0,True
b62397fdae721caae026,0.0,0.0,0.0,0.0,True
b629e0cbeae748056378,0.1,1.0,0.2890648263178879,0.1,True
b63bd72ab6f8cad52c74,0.0,0.0,0.0,0.0,True
b63de5a2279d1bdaf803,0.0,0.0,0.0,0.0,True
b65d514035285a3f3a83,0.0,0.0,0.0,0.0,True
b67333c120200718f115,0.0,0.0,0.0,0.0,True
b6bdf9014099f74511be,0.0,0.0,0.0,0.0,True
b6be8a969cfd1d47c3d8,0.0,0.0,0.0,0.0,True
b6c5b01efc41ffdc6993,0.0,0.0,0.0,0.0,True
b6d21d207ff7c1dab622,0.0,0.0,0.0,0.0,True
b6e095f06e66565b1044,0.0,0.0,0.0,0.0,True
b6ef4800ede274810e4a,0.0,0.0,0.0,0.0,True
b6f894eb63bbc8d73671,0.0,0.0,0.0,0.0,True
b710b6c2785f95e4e239,0.0,0.0,0.0,0.0,True
b730a16f1f224be46e47,0.1,1.0,0.38685280723454163,0.2,True
b7900344e84c9e667b27,0.0,0.0,0.0,0.0,True
b797cd0b503196e2b4ab,0.0,0.0,0.0,0.0,True
b7a4367e2f069aa381f3,0.1,1.0,0.43067655807339306,0.25,True
b7a51bc8c6ede7691e45,0.0,0.0,0.0,0.0,True
b7d0467c71e1c2ee9745,0.1,1.0,0.43067655807339306,0.25,True
b7df2d88492d2cc9b9c5,0.0,0.0,0.0,0.0,False
b806d6cfd960324e76b2,0.0,0.0,0.0,0.0,True
b80804a60b8a1ab0521e,0.1,1.0,0.6309297535714575,0.5,True
b82f22b889e27143c2bb,0.0,0.0,0.0,0.0,True
b83e6252a1fe2c618364,0.0,0.0,0.0,0.0,True
b84389120bb26601f0d8,0.0,0.0,0.0,0.0,True
b84d47db9582d92fd792,0.0,0.0,0.0,0.0,True
b8525547708d41f91755,0.0,0.0,0.0,0.0,True
b85bf6384728ab2f0cc9,0.0,0.0,0.0,0.0,True
b85f0a92f25fc485d259,0.0,0.0,0.0,0.0,True
b866cfd230040d2f805d,0.1,1.0,1.0,1.0,True
b88272c2d68cccbc0f93,0.0,0.0,0.0,0.0,True
b8a252f98ba56fc57c91,0.0,0.0,0.0,0.0,True
b8ac22b8741c87201d4e,0.0,0.0,0.0,0.0,True
b8c688959e5910f4152f,0.0,0.0,0.0,0.0,True
b8d25cdc4fc9a0c08359,0.1,1.0,0.6309297535714575,0.5,True
b8faffc84288fa2af877,0.0,0.0,0.0,0.0,True
b8fe3dd6cd29da36b00a,0.0,0.0,0.0,0.0,True
b90a9bdc762b57c1958a,0.0,0.0,0.0,0.0,True
b96ad87828749d86c9d9,0.0,0.0,0.0,0.0,True
b98c0ac96e0b369f90bb,0.0,0.0,0.0,0.0,True
b994cd1244797359614d,0.0,0.0,0.0,0.0,True
b9e3f929e0c46527674d,0.0,0.0,0.0,0.0,True
ba0a261f4a35049653b8,0.0,0.0,0.0,0.0,True
ba68b59a78628b38dc16,0.1,1.0,1.0,1.0,True
ba97bd19961da3641cb9,0.0,0.0,0.0,0.0,True
ba9ade5c61cbf6179db1,0.0,0.0,0.0,0.0,True
baaafa567958881084c2,0.1,1.0,0.6309297535714575,0.5,True
bab32d6e53b59928d3f9,0.0,0.0,0.0,0.0,True
bacc8aa7d227a1f6d441,0.0,0.0,0.0,0.0,True
baf9bf1a6e63aa6e63b2,0.0,0.0,0.0,0.0,True
bafc41f331991459a901,0.0,0.0,0.0,0.0,True
bb3653a3276e3afd1e06,0.0,0.0,0.0,0.0,True
bb3a10d23679c2039f66,0.0,0.0,0.0,0.0,True
bb4a46e3e5a55f04a978,0.1,1.0,1.0,1.0,True
bb54c1021fdbd07f6d2c,0.0,0.0,0.0,0.0,True
bb587746c11386a491ff,0.0,0.0,0.0,0.0,True
bb94483137fc3a6d3606,0.1,1.0,0.3010299956639812,0.1111111111111111,True
bbb52ebb9233953a63fa,0.0,0.0,0.0,0.0,True
bbcf1d62c289f1f2488c,0.0,0.0,0.0,0.0,True
bbd4036e5b1482ec129a,0.0,0.0,0.0,0.0,True
bbe70524a1d0cad62b38,0.0,0.0,0.0,0.0,True
bc0ef3f729717894abb2,0.0,0.0,0.0,0.0,True
bc3f5e51a352af6f41c8,0.0,0.0,0.0,0.0,True
bc8497b45ca19c771511,0.0,0.0,0.0,0.0,True
bca68ff9baba9bc6139c,0.0,0.0,0.0,0.0,True
bcd91607a421cff0cc79,0.0,0.0,0.0,0.0,True
bd02effef501ede44411,0.0,0.0,0.0,0.0,True
bd11a516b585ac48da19,0.0,0.0,0.0,0.0,True
bd16339dfc5fae148f04,0.0,0.0,0.0,0.0,True
bd1ae7c29b04f354e850,0.0,0.0,0.0,0.0,True
bd29e8da7e5bab962464,0.1,1.0,0.5,0.3333333333333333,True
bd3a6fa3e9615a3823ef,0.1,1.0,1.0,1.0,True
bd49e6b618e4140c46c4,0.0,0.0,0.0,0.0,True
bd569ba6bd36bb8e3f9f,0.0,0.0,0.0,0.0,True
bd679dcf7ff729e132c0,0.0,0.0,0.0,0.0,True
bd729da69c55d80115fd,0.0,0.0,0.0,0.0,True
bd7ee9a6c96ab625a839,0.1,1.0,0.2890648263178879,0.1,True
bd95568b3e19e302b1a3,0.0,0.0,0.0,0.0,True
bd962b142505c7145b6d,0.0,0.0,0.0,0.0,True
bda30a0c60c916de608a,0.0,0.0,0.0,0.0,False
bdc7423a6bad63cc7e62,0.1,1.0,0.43067655807339306,0.25,True
be199f074fa778733f0e,0.0,0.0,0.0,0.0,True
be2477ba50d2846e3fac,0.1,1.0,0.3333333333333333,0.14285714285714285,True
be85a3d630c462e1fbf7,0.0,0.0,0.0,0.0,True
be88a3027e03e6314ec6,0.0,0.0,0.0,0.0,True
bee36da5dd4197868de4,0.0,0.0,0.0,0.0,True
bef998f41f93219dd1a2,0.0,0.0,0.0,0.0,True
bf00886be7177125eed9,0.0,0.0,0.0,0.0,True
bf21ab4e8c55b5248721,0.0,0.0,0.0,0.0,True
bf41da2427795ebde112,0.0,0.0,0.0,0.0,True
bf660a0fae2aa3bcee5a,0.0,0.0,0.0,0.0,True
bf6c5535fa02cd52e1bc,0.0,0.0,0.0,0.0,False
bf6e0ad2c5dbfcd522e1,0.0,0.0,0.0,0.0,True
bf7f02964e7a0cef2320,0.0,0.0,0.0,0.0,True
bf9ec102ded8691cd788,0.0,0.0,0.0,0.0,True
bfff84f890758e90817a,0.1,1.0,0.3562071871080222,0.16666666666666666,True
c03cbf8e635f0c8ee77e,0.1,1.0,0.43067655807339306,0.25,True
c05bf6bbbe624f1a9479,0.1,1.0,0.6309297535714575,0.5,True
c06d34c2b5653ad14a4d,0.0,0.0,0.0,0.0,True
c09ea2cf369e64bd6071,0.0,0.0,0.0,0.0,True
c0a5b8118b21b398f71f,0.0,0.0,0.0,0.0,True
c0a7d200a90203241012,0.0,0.0,0.0,0.0,True
c0b074eeea4a808dfa6e,0.0,0.0,0.0,0.0,True
c0d8ff94c6545e1550da,0.0,0.0,0.0,0.0,True
c0ec3aae7d33e20d93fc,0.1,1.0,0.6309297535714575,0.5,True
c0f6cf170036d7d05821,0.0,0.0,0.0,0.0,True
c10951fa46e7953da0ae,0.0,0.0,0.0,0.0,True
c162b6c0e938c12d64c5,0.0,0.0,0.0,0.0,True
c170ad48c9921ea9bbb6,0.0,0.0,0.0,0.0,True
c1713b5d9e54e5547465,0.0,0.0,0.0,0.0,True
c18357bdd549f8264ca8,0.0,0.0,0.0,0.0,True
c19abf08255a60fc6b89,0.1,1.0,1.0,1.0,True
c1b0f6221c97c1756777,0.0,0.0,0.0,0.0,True
c1b21e62bc3bf59c4fff,0.0,0.0,0.0,0.0,True
c1cb0857f4cf024d42a2,0.0,0.0,0.0,0.0,True
c1d0357c0ec9853bdbae,0.0,0.0,0.0,0.0,True
c207fa70de20005bd779,0.0,0.0,0.0,0.0,True
c211d1557c17ac692d4b,0.1,1.0,0.6309297535714575,0.5,True
c21b05a4db9a1c396afc,0.0,0.0,0.0,0.0,True
c2221b4800c664270841,0.0,0.0,0.0,0.0,True
c23f4d28d2fc1c9b5b1d,0.0,0.0,0.0,0.0,True
c241f10b7e10cb9d1e7f,0.0,0.0,0.0,0.0,True
c256a77a97543d0d8fde,0.0,0.0,0.0,0.0,True
c25fc632a23a292f6da4,0.1,1.0,0.3333333333333333,0.14285714285714285,True
c26967f5b80cfdbc2eb7,0.0,0.0,0.0,0.0,True
c2743c5e4baf6acb9036,0.1,1.0,1.0,1.0,True
c2746a0f8f9e8375269a,0.0,0.0,0.0,0.0,True
c29bcfdc8ba16cb8c571,0.0,0.0,0.0,0.0,True
c2c8b9fed9e4c024ab91,0.0,0.0,0.0,0.0,True
c2cb803afc99865b477e,0.1,1.0,0.2890648263178879,0.1,True
c2cca8c51ffdb4fd9d06,0.1,1.0,0.5,0.3333333333333333,True
c2d6d92078cfeb80fc3c,0.0,0.0,0.0,0.0,True
c2d706a1cbcd481da44d,0.1,1.0,0.6309297535714575,0.5,True
c30785db1c733393c977,0.1,1.0,1.0,1.0,True
c30ba0a5bd6609fea128,0.0,0.0,0.0,0.0,False
c3219a3f13d0b4f3c804,0.0,0.0,0.0,0.0,True
c32917810ff9dbe1be1f,0.0,0.0,0.0,0.0,True
c32a902afc0d9537a252,0.0,0.0,0.0,0.0,True
c3618a0aea73736dd670,0.0,0.0,0.0,0.0,True
c389d7e858d0e8b85136,0.0,0.0,0.0,0.0,False
c3b8fbc74fa3995f4bd2,0.0,0.0,0.0,0.0,True
c3cb4ceb4c3be15ab5f2,0.1,1.0,0.6309297535714575,0.5,True
c3d9eed99ac256b16b89,0.1,1.0,0.5,0.3333333333333333,True
c3dbf95be18c30683b2b,0.1,1.0,0.3333333333333333,0.14285714285714285,True
c3f549bf23865a703d92,0.0,0.0,0.0,0.0,True
c40d7f5d3c0c35391f3d,0.0,0.0,0.0,0.0,False
c41f66423781f2717711,0.1,1.0,0.6309297535714575,0.5,True
c423e2ad61b085fd5a1a,0.1,1.0,0.6309297535714575,0.5,True
c461a4503c21dfbce04e,0.0,0.0,0.0,0.0,True
c47688d1382ee1efb073,0.1,1.0,0.3010299956639812,0.1111111111111111,True
c4775dfb1966b48f3940,0.0,0.0,0.0,0.0,True
c47e46b00335ad42e270,0.1,1.0,1.0,1.0,True
c4982f4902b9c4ec0976,0.0,0.0,0.0,0.0,True
c4d7eacfabb25553e319,0.0,0.0,0.0,0.0,True
c4dd3190695bbb8ae7e1,0.1,1.0,0.31546487678572877,0.125,True
c4e5852f396326e9176a,0.0,0.0,0.0,0.0,False
c4f955e292ddc8f4e52f,0.0,0.0,0.0,0.0,False
c52208126188b0a12147,0.1,1.0,1.0,1.0,True
c547f30f2cf59ea811a8,0.1,1.0,0.6309297535714575,0.5,True
c55c8eca51afb4a89304,0.0,0.0,0.0,0.0,True
c56fbfb347c48e9cf390,0.0,0.0,0.0,0.0,False
c590828dc6cce0c517dc,0.0,0.0,0.0,0.0,True
c5bf907695d886774dd2,0.0,0.0,0.0,0.0,True
c5c92a8b5cf8b4412f15,0.0,0.0,0.0,0.0,False
c5caa045e82e4ba3d122,0.0,0.0,0.0,0.0,True
c5dac5f5f073c887c886,0.0,0.0,0.0,0.0,True
c5ee8053327c09115eab,0.0,0.0,0.0,0.0,True
c5f6a1b3737d75d5d30d,0.0,0.0,0.0,0.0,True
c5f9b66a9548fa7d20ad,0.1,1.0,0.3010299956639812,0.1111111111111111,True
c60353dea177a647ac34,0.0,0.0,0.0,0.0,True
c6404aca924908bfbf89,0.1,1.0,0.5,0.3333333333333333,True
c65da115bb3b9a92403e,0.1,1.0,0.3562071871080222,0.16666666666666666,True
c66d3f1395e0420f0465,0.0,0.0,0.0,0.0,True
c6854f2d941200159382,0.0,0.0,0.0,0.0,True
c68fc2062f9ef0c31567,0.0,0.0,0.0,0.0,True
c6a00344341543f309f0,0.1,1.0,0.6309297535714575,0.5,True
c6b3a3c8a0f84cb455d9,0.0,0.0,0.0,0.0,True
c6bc60eabfd0dde45969,0.1,1.0,1.0,1.0,True
c6bc77a3abddc5497b17,0.0,0.0,0.0,0.0,True
c6be2ec4e1932244f088,0.0,0.0,0.0,0.0,True
c703ca4f843fe7cbc0e5,0.0,0.0,0.0,0.0,True
c70d4a02e9700aa7ee02,0.0,0.0,0.0,0.0,True
c723ea7730fecc85bf85,0.0,0.0,0.0,0.0,True
c7499c8c49f4ec55efad,0.1,1.0,0.3562071871080222,0.16666666666666666,True
c762dda14ba5bc2c7d34,0.1,1.0,0.6309297535714575,0.5,True
c774141677cd319cc083,0.0,0.0,0.0,0.0,True
c7808491dced1f7115e5,0.0,0.0,0.0,0.0,True
c79a128b569f876ef443,0.1,1.0,0.6309297535714575,0.5,True
c79f460375a5ec9841f8,0.0,0.0,0.0,0.0,True
c7b0286d989bb51d2078,0.0,0.0,0.0,0.0,True
c7cb69a0d339fbb9df59,0.0,0.0,0.0,0.0,True
c7d21f00719c1a627ae8,0.0,0.0,0.0,0.0,True
c7e84d38c1e25a2f65cc,0.0,0.0,0.0,0.0,True
c7ef097e8b14b4d55ae2,0.0,0.0,0.0,0.0,True
c7f971f871abefee3b84,0.0,0.0,0.0,0.0,True
c829442210b15a34a0a6,0.0,0.0,0.0,0.0,True
c834b78a6c45c633c694,0.0,0.0,0.0,0.0,True
c84eabad142c520b5802,0.1,1.0,0.3333333333333333,0.14285714285714285,True
c859a24fad764ec2a2bb,0.0,0.0,0.0,0.0,False
c85c7dbf83228478b926,0.1,1.0,1.0,1.0,True
c85c8d2d7018a3a5d673,0.1,1.0,0.3333333333333333,0.14285714285714285,True
c85e31dc9cbb991eb8b3,0.0,0.0,0.0,0.0,True
c8712f0f8df06b23c255,0.1,1.0,0.43067655807339306,0.25,True
c8765357e11688bc1fd7,0.1,1.0,0.6309297535714575,0.5,True
c88040f821f4683134ba,0.0,0.0,0.0,0.0,True
c88e271c1d1749c871fd,0.0,0.0,0.0,0.0,True
c892fe0f9776f6ed5e1a,0.0,0.0,0.0,0.0,True
c8a3f122d12a794c483e,0.0,0.0,0.0,0.0,True
c8b333135ef3f66f6ce4,0.0,0.0,0.0,0.0,True
c8ba68d7d70684d5bb20,0.1,1.0,0.43067655807339306,0.25,True
c8bca8b7512aea46f4c4,0.0,0.0,0.0,0.0,True
c8de29ee9e51b6a0c105,0.0,0.0,0.0,0.0,True
c8f1df1cdeb9fd25ded0,0.0,0.0,0.0,0.0,True
c90d0fb88fbe8d72f3ca,0.0,0.0,0.0,0.0,True
c97211617d9388de7f29,0.1,1.0,0.6309297535714575,0.5,True
c97fd3597438648942f2,0.1,1.0,0.43067655807339306,0.25,True
c997f25e6aa330d5ecc0,0.0,0.0,0.0,0.0,True
c9a2a67fe67ffbca052e,0.1,1.0,0.3333333333333333,0.14285714285714285,True
c9a6dd3f5be65518575c,0.1,1.0,0.3010299956639812,0.1111111111111111,True
c9ba1e1897db75883027,0.0,0.0,0.0,0.0,True
c9ba6fa363cc49311443,0.0,0.0,0.0,0.0,True
c9cd4735871f6253d534,0.1,1.0,1.0,1.0,True
c9f730cfe8b7677280ff,0.0,0.0,0.0,0.0,True
ca01b0f4e5b2c5877fc6,0.0,0.0,0.0,0.0,True
ca25be35c8d48ca1d6bf,0.1,1.0,0.38685280723454163,0.2,True
ca44fe6103d956c0ddae,0.1,1.0,1.0,1.0,True
ca76e46ea85cba173880,0.0,0.0,0.0,0.0,True
ca8773248bdac8c0c056,0.0,0.0,0.0,0.0,True
ca92573ac733bfb91717,0.0,0.0,0.0,0.0,True
ca93498bfff50e7b477a,0.1,1.0,0.6309297535714575,0.5,True
cac670d2245428461952,0.0,0.0,0.0,0.0,True
cadabbaec3b6fedaba27,0.0,0.0,0.0,0.0,True
cae14cbe131b345167ab,0.0,0.0,0.0,0.0,True
caf1fb4d3c1461ab6fc6,0.0,0.0,0.0,0.0,True
caf9dfc7c04dd7a60ae5,0.0,0.0,0.0,0.0,True
cb1341e783d6af5d425c,0.0,0.0,0.0,0.0,True
cb148c9e167ad4f80c6e,0.0,0.0,0.0,0.0,True
cb298b26187e9919d49c,0.0,0.0,0.0,0.0,True
cb5366ea1dc3ebdf4f39,0.0,0.0,0.0,0.0,True
cb8db592a58601ef200f,0.0,0.0,0.0,0.0,True
cba58e16c3e4fee50fc4,0.0,0.0,0.0,0.0,True
cbd8de5e699fa4d1a478,0.0,0.0,0.0,0.0,True
cbfa3df8f1890c19f37c,0.0,0.0,0.0,0.0,True
cc05a7e1983d5a00330c,0.0,0.0,0.0,0.0,True
cc186b5c4ca4bdfc0954,0.0,0.0,0.0,0.0,True
cc21c0d24fbb09422ea5,0.0,0.0,0.0,0.0,True
cc4943e01da898fc8008,0.0,0.0,0.0,0.0,True
cc7360ff70599866dc32,0.0,0.0,0.0,0.0,True
cc793202fa3945f359cb,0.0,0.0,0.0,0.0,True
cc7a15f8c8671107ce30,0.0,0.0,0.0,0.0,True
cc959a3f26c93c312cae,0.0,0.0,0.0,0.0,True
ccb4fc708f286f724f41,0.0,0.0,0.0,0.0,True
ccba7263b60efc0648a4,0.0,0.0,0.0,0.0,True
ccd847ce84bc21933a89,0.0,0.0,0.0,0.0,True
cce0207cad55f35e8c8e,0.0,0.0,0.0,0.0,True
cd12891306840f608af9,0.0,0.0,0.0,0.0,True
cd228c1cf94244f54c4e,0.0,0.0,0.0,0.0,True
cd58188732303a8f9d0c,0.0,0.0,0.0,0.0,True
cd5bba2f7c4f518ea895,0.0,0.0,0.0,0.0,True
cd70117af4cec8520c3f,0.1,1.0,1.0,1.0,True
cda68ce603fdeaaa5627,0.1,1.0,0.3562071871080222,0.16666666666666666,True
cdea5ca658da82867c21,0.0,0.0,0.0,0.0,True
cdf67785278b404341e1,0.0,0.0,0.0,0.0,True
ce0217dc314268af1036,0.0,0.0,0.0,0.0,True
ce030be438de49109f71,0.1,1.0,0.3010299956639812,0.1111111111111111,True
ce063b62fc42d71f3052,0.0,0.0,0.0,0.0,True
ce200758b1efaa0cd6b0,0.0,0.0,0.0,0.0,False
ce44e766d94c43966424,0.0,0.0,0.0,0.0,True
ce5f4293146e32abf280,0.1,1.0,0.3333333333333333,0.14285714285714285,True
ce67a282aedc6b05e18a,0.0,0.0,0.0,0.0,True
cebafb24421561a7dc7c,0.1,1.0,1.0,1.0,True
ced2e1fbe092df7ca790,0.0,0.0,0.0,0.0,True
ced4d4b7a04b02a91ea5,0.0,0.0,0.0,0.0,True
ced7e50c98bb072b2ad0,0.0,0.0,0.0,0.0,True
ceda76d3cd82add1bb75,0.0,0.0,0.0,0.0,True
cef106d4c3638b79f1da,0.1,1.0,0.5,0.3333333333333333,True
cef2f4151f26d158d4a9,0.0,0.0,0.0,0.0,True
cf302e2a91e05bf18b87,0.0,0.0,0.0,0.0,True
cf32fcd443b5e66daaf8,0.1,1.0,0.38685280723454163,0.2,True
cf39f9f5e56b324e6293,0.0,0.0,0.0,0.0,True
cf6cd43c00fa9e0ec9dd,0.1,1.0,0.38685280723454163,0.2,True
cf6f552c74ebcf67f7c4,0.1,1.0,1.0,1.0,True
cf71ebd99942d036c6fa,0.0,0.0,0.0,0.0,True
cf7d081399f7f73b59d8,0.0,0.0,0.0,0.0,True
cf7ec9d4df9206473a86,0.0,0.0,0.0,0.0,True
cf848248e244bbd825bb,0.0,0.0,0.0,0.0,True
cf9713015aedda90f788,0.0,0.0,0.0,0.0,True
cfa0d3c0b35bdcc83004,0.1,1.0,0.6309297535714575,0.5,True
cfb04a342d9302284ae5,0.0,0.0,0.0,0.0,True
cfea40f15bca53a91d1b,0.0,0.0,0.0,0.0,True
d01e32246fd01cffab25,0.0,0.0,0.0,0.0,True
d032d41500f7f1d8d600,0.0,0.0,0.0,0.0,True
d03931bf33de7af54c9a,0.1,1.0,0.2890648263178879,0.1,True
d04822b74f6cc808d6d9,0.0,0.0,0.0,0.0,True
d06f52049a903a4b644c,0.1,1.0,0.5,0.3333333333333333,True
d074ac1c296497ce65d7,0.0,0.0,0.0,0.0,True
d07728423cdbc5374655,0.1,1.0,0.38685280723454163,0.2,True
d07d14c85a9246fc5244,0.0,0.0,0.0,0.0,True
d0829cbd7740ea42e933,0.0,0.0,0.0,0.0,True
d09c453352ee58b4a001,0.0,0.0,0.0,0.0,True
d0a14e6ad90abeda647c,0.0,0.0,0.0,0.0,True
d0e346c471b59beff7f0,0.0,0.0,0.0,0.0,True
d102cb53ecd99e10225a,0.0,0.0,0.0,0.0,True
d11ca575cde2b64e4ce9,0.0,0.0,0.0,0.0,True
d11ddaf34af5b2d304d7,0.1,1.0,0.3010299956639812,0.1111111111111111,True
d1368c17d06543b7733d,0.1,1.0,0.3562071871080222,0.16666666666666666,True
d1543fb1202e0ccca05d,0.0,0.0,0.0,0.0,True
d17c13646945ff1436c0,0.0,0.0,0.0,0.0,True
d17d8039a42b4cd21c4f,0.0,0.0,0.0,0.0,True
d1906361e24f387f4453,0.0,0.0,0.0,0.0,True
d19ba7219d992d43d772,0.0,0.0,0.0,0.0,True
d1a67259747ef39971b1,0.0,0.0,0.0,0.0,True
d1aad10245ab3bd5cd1f,0.0,0.0,0.0,0.0,True
d1cbedce21b82729fc55,0.0,0.0,0.0,0.0,True
d1cdf3d542a603409656,0.0,0.0,0.0,0.0,True
d1cf75f1486503de4a4c,0.0,0.0,0.0,0.0,True
d1d4bbaaf1e21acef95b,0.0,0.0,0.0,0.0,True
d1e3df0105b959aa39af,0.0,0.0,0.0,0.0,True
d2083cfc26e59171b735,0.0,0.0,0.0,0.0,True
d2a85617a51d99e3be5c,0.0,0.0,0.0,0.0,True
d2b68bc137b7f5fe2e0e,0.0,0.0,0.0,0.0,True
d2d32adf7d7fb7dd7563,0.0,0.0,0.0,0.0,True
d30671a3e55dca2b5af6,0.0,0.0,0.0,0.0,True
d310b67b4a473beb547c,0.1,1.0,0.31546487678572877,0.125,True
d31dd5958d8303df2455,0.0,0.0,0.0,0.0,True
d3491a50a70b774c8bd1,0.0,0.0,0.0,0.0,True
d38ba39dd019ddea8571,0.0,0.0,0.0,0.0,True
d38cb31619a61d7c06dc,0.0,0.0,0.0,0.0,True
d3b2b740926ba3ad6757,0.0,0.0,0.0,0.0,True
d3be287ce968904e7a30,0.0,0.0,0.0,0.0,True
d3df396bbca669a47ad7,0.0,0.0,0.0,0.0,True
d3e236a06b9b57592a03,0.1,1.0,0.6309297535714575,0.5,True
d4035ce1f1a04d6d430d,0.0,0.0,0.0,0.0,True
d41273b448e5ceb020cf,0.0,0.0,0.0,0.0,True
d42fdfc5d6973e94dac3,0.0,0.0,0.0,0.0,True
d44710bd4a087cd81a62,0.0,0.0,0.0,0.0,True
d49ce6803041db203887,0.1,1.0,0.5,0.3333333333333333,True
d4c17005dae3ef85e7d9,0.0,0.0,0.0,0.0,True
d4db2fa128245fb8e0ab,0.0,0.0,0.0,0.0,True
d4e01a07da5de5c32f03,0.0,0.0,0.0,0.0,True
d4e7d06feb3afaf27ce4,0.0,0.0,0.0,0.0,True
d4e9050a65b8b955202a,0.0,0.0,0.0,0.0,True
d51208303b8c90dfa0a5,0.0,0.0,0.0,0.0,True
d51e7425ad1a0444de17,0.0,0.0,0.0,0.0,True
d5208445d0c53c71489a,0.0,0.0,0.0,0.0,True
d520f9fa4bea25b1ec04,0.0,0.0,0.0,0.0,True
d53220b05ab815a77bbf,0.0,0.0,0.0,0.0,True
d53b937db5406d98d85a,0.1,1.0,0.5,0.3333333333333333,True
d55e88dbd08c25c41644,0.0,0.0,0.0,0.0,True
d5696075a8de66c461fc,0.0,0.0,0.0,0.0,True
d5b9574456be7b270cec,0.0,0.0,0.0,0.0,True
d5e73257392b60d05975,0.0,0.0,0.0,0.0,True
d5f8944d9af08aabd091,0.0,0.0,0.0,0.0,True
d60d3650965504c9537c,0.0,0.0,0.0,0.0,True
d60f95d70286ca250a30,0.0,0.0,0.0,0.0,True
d6128eaff20052576819,0.1,1.0,1.0,1.0,True
d6128f080e78f3a719b7,0.1,1.0,0.2890648263178879,0.1,True
d614abb2cbdb59a51ff9,0.0,0.0,0.0,0.0,True
d6201f8b91ef0575301d,0.1,1.0,0.5,0.3333333333333333,True
d6439d2c0732c320efdd,0.0,0.0,0.0,0.0,True
d668f916665aed05c9d8,0.0,0.0,0.0,0.0,True
d67190d267e306cc7144,0.1,1.0,0.3562071871080222,0.16666666666666666,True
d6b258e4c85052135d7a,0.0,0.0,0.0,0.0,True
d6b516305faf46a73bdb,0.0,0.0,0.0,0.0,True
d6d62c22fff05813f79e,0.1,1.0,0.3562071871080222,0.16666666666666666,True
d6d836358ce5781bb8fe,0.1,1.0,1.0,1.0,True
d6eed51213dbade1404e,0.0,0.0,0.0,0.0,True
d736975a6f000d5d5e39,0.0,0.0,0.0,0.0,True
d77c1406fe2f47b3bff8,0.1,1.0,0.31546487678572877,0.125,True
d784329208028b67050b,0.0,0.0,0.0,0.0,True
d7dc81b001bb58615139,0.0,0.0,0.0,0.0,True
d7fd6f607cde8755b3f8,0.0,0.0,0.0,0.0,True
d8010122bd67626c4060,0.1,1.0,0.31546487678572877,0.125,True
d84a0d246c851b995940,0.0,0.0,0.0,0.0,True
d86596897516d7d00960,0.0,0.0,0.0,0.0,True
d8696ce6f93eb5d0f66b,0.0,0.0,0.0,0.0,True
d871a0dc401d351a7d77,0.0,0.0,0.0,0.0,True
d8883a675bc2742dbc31,0.0,0.0,0.0,0.0,True
d8a3ff3c81d2573af46d,0.0,0.0,0.0,0.0,True
d8b0fd5abfbb856766b9,0.0,0.0,0.0,0.0,True
d8dd6c11b5a5405300e0,0.0,0.0,0.0,0.0,True
d8e55326f2f1b176ea27,0.0,0.0,0.0,0.0,True
d907e36ba24611db91d9,0.0,0.0,0.0,0.0,True
d9173b0c6bfe7c2aa9c7,0.1,1.0,0.5,0.3333333333333333,True
d91cb4d41017791b0cfc,0.0,0.0,0.0,0.0,True
d9341fb405417825b8f3,0.0,0.0,0.0,0.0,True
d93c9f633b102fe616c4,0.1,1.0,0.31546487678572877,0.125,True
d9755e8bf8f7232afa73,0.1,1.0,0.31546487678572877,0.125,True
d99f25ce2d37b08b98ce,0.1,1.0,1.0,1.0,True
d9aed2f6d05036e1295d,0.0,0.0,0.0,0.0,True
d9cea3d45e2c730589e0,0.0,0.0,0.0,0.0,True
d9d427eac8998240d51f,0.1,1.0,0.43067655807339306,0.25,True
d9f2d11a1ed544984188,0.1,1.0,0.38685280723454163,0.2,True
da08693e667730fb0f8a,0.0,0.0,0.0,0.0,True
da2245051b9419f9b833,0.0,0.0,0.0,0.0,True
da481c3b62fac5422d25,0.0,0.0,0.0,0.0,True
da5448305a4f4916b6b6,0.0,0.0,0.0,0.0,True
da753e0928a137279216,0.1,1.0,0.5,0.3333333333333333,True
da9a7e8fe500a3899f1b,0.0,0.0,0.0,0.0,True
dab102a148e630e28469,0.0,0.0,0.0,0.0,True
dad443650643140bf842,0.0,0.0,0.0,0.0,True
db0892802585f7cf71b9,0.0,0.0,0.0,0.0,True
db33d9f813806534c349,0.0,0.0,0.0,0.0,True
db4e88d743fc7f5e9f5f,0.0,0.0,0.0,0.0,True
db7bb3e09c0458ab3eca,0.0,0.0,0.0,0.0,True
db95392772fcf863311d,0.0,0.0,0.0,0.0,True
db97b489234b9211d8a3,0.0,0.0,0.0,0.0,True
dbb76a080e86c65dca60,0.0,0.0,0.0,0.0,True
dbbe3f21a77dc0afcd21,0.1,1.0,0.6309297535714575,0.5,True
dbc97d3caaf440711681,0.0,0.0,0.0,0.0,True
dbdc9acca4d453f4a467,0.0,0.0,0.0,0.0,True
dbe74dd914f2cfbab810,0.1,1.0,0.43067655807339306,0.25,True
dc0415d5f245c7848e91,0.0,0.0,0.0,0.0,True
dc04e74375430246f75c,0.0,0.0,0.0,0.0,True
dc0cf5b060595236b876,0.0,0.0,0.0,0.0,True
dc2da401e0f68289c9f2,0.0,0.0,0.0,0.0,True
dc4495931df189f497f0,0.0,0.0,0.0,0.0,True
dc4940dabeff143e6bbe,0.1,1.0,0.38685280723454163,0.2,True
dc7b71702fc257cfa3bc,0.0,0.0,0.0,0.0,True
dc7c3ba8f63c9e68bc01,0.0,0.0,0.0,0.0,True
dc8e2c888679786dfce0,0.0,0.0,0.0,0.0,True
dcb742728ce7f0c0c15a,0.0,0.0,0.0,0.0,True
dcddf35fddd450d5ce93,0.0,0.0,0.0,0.0,True
dce8d39f824a8880704f,0.0,0.0,0.0,0.0,True
dcf624b93dafbac4da66,0.0,0.0,0.0,0.0,True
dd0aabdce816a39bb426,0.0,0.0,0.0,0.0,True
dd2284d5f69544ae7592,0.1,1.0,1.0,1.0,True
dd3d24fb3112d83f1d43,0.0,0.0,0.0,0.0,True
dd60e2465947e2dde744,0.0,0.0,0.0,0.0,True
dd8790d4fdfb2d034b4f,0.0,0.0,0.0,0.0,True
dda51baf8c6d6835a212,0.0,0.0,0.0,0.0,True
dda983af49334b47c01a,0.0,0.0,0.0,0.0,True
ddaa57e1366f5763508e,0.1,1.0,0.3333333333333333,0.14285714285714285,True
ddc9f36631c248291724,0.0,0.0,0.0,0.0,True
ddf3526f677de811548f,0.0,0.0,0.0,0.0,True
de1256824cdb25720fe3,0.0,0.0,0.0,0.0,True
de183ff524e00d3fc528,0.1,1.0,0.3562071871080222,0.16666666666666666,True
de3e3b52bdb7e7b4f55b,0.1,1.0,0.43067655807339306,0.25,True
de585329bce87acdadc4,0.0,0.0,0.0,0.0,True
de62a430cfddd0fda31b,0.0,0.0,0.0,0.0,True
de81f05d15b341b15651,0.0,0.0,0.0,0.0,True
de909ead14ad04521c7d,0.0,0.0,0.0,0.0,True
de922efa9832f0480cd6,0.0,0.0,0.0,0.0,True
de99d9da2acfbbce01c4,0.1,1.0,0.38685280723454163,0.2,True
deac54e59da229d04239,0.0,0.0,0.0,0.0,True
deb20f8db1f294c827a5,0.0,0.0,0.0,0.0,True
debc1509f4409595b33c,0.1,1.0,0.3562071871080222,0.16666666666666666,True
decb17244627d69c2cef,0.0,0.0,0.0,0.0,True
df1887260bbf9d420920,0.1,1.0,0.3333333333333333,0.14285714285714285,True
df231d51ca0ca29741a0,0.1,1.0,0.3333333333333333,0.14285714285714285,True
df4d1f842bf179e4fb07,0.1,1.0,0.6309297535714575,0.5,True
df571a191d279543c9b4,0.0,0.0,0.0,0.0,True
df8aabc27160287a6a05,0.0,0.0,0.0,0.0,True
df8bb4c42a735ebbab9c,0.0,0.0,0.0,0.0,True
df97dad1e08972610860,0.0,0.0,0.0,0.0,True
dfbee762038bba4df94b,0.0,0.0,0.0,0.0,True
dfce20144dabd0116f2b,0.0,0.0,0.0,0.0,True
dfdde4ee56d59bc640e8,0.0,0.0,0.0,0.0,True
dfe9ee85097da5e1be1a,0.1,1.0,0.43067655807339306,0.25,True
dfea95f400be3c77db3d,0.0,0.0,0.0,0.0,True
e001dad6f306c7ddb4c0,0.0,0.0,0.0,0.0,False
e00f14924ace9bbe3913,0.0,0.0,0.0,0.0,True
e02b2bea348199da9d71,0.0,0.0,0.0,0.0,True
e03a2b9d4c0d5d61acac,0.1,1.0,0.3010299956639812,0.1111111111111111,True
e0529ce41cb21fe65625,0.0,0.0,0.0,0.0,True
e06855b2e8947fb2a791,0.0,0.0,0.0,0.0,True
e09238d019ee6cee4d6b,0.0,0.0,0.0,0.0,True
e0aa5b65d4e00520c34b,0.0,0.0,0.0,0.0,True
e11d7ab7642824b1708a,0.0,0.0,0.0,0.0,True
e1390f656fa7613da1d9,0.0,0.0,0.0,0.0,True
e13be87786572e4e0f04,0.0,0.0,0.0,0.0,True
e15038fe8476f7d79b9a,0.0,0.0,0.0,0.0,True
e152aa9f02b4835eab41,0.0,0.0,0.0,0.0,True
e156f90179a753bd201e,0.0,0.0,0.0,0.0,True
e15997ddecc7d1ca2f47,0.0,0.0,0.0,0.0,False
e16043e42f57fe054af3,0.0,0.0,0.0,0.0,True
e1694949674504ca999f,0.1,1.0,0.3562071871080222,0.16666666666666666,True
e1a02540221fd3269989,0.0,0.0,0.0,0.0,True
e1c9aa5017b260cb06c8,0.0,0.0,0.0,0.0,True
e1d5f9d77571dc208859,0.1,1.0,0.3333333333333333,0.14285714285714285,True
e221cbd80f458b601510,0.1,1.0,0.6309297535714575,0.5,True
e2263c15a4a64a335586,0.0,0.0,0.0,0.0,True
e24ded5cae12740173cf,0.0,0.0,0.0,0.0,True
e273e83216a9c0b3c37a,0.0,0.0,0.0,0.0,True
e27bb2c3d3f7c1257186,0.0,0.0,0.0,0.0,False
e2bda911f54f9a6969b0,0.1,1.0,0.3562071871080222,0.16666666666666666,True
e2d04f9a9a5b4ba6e272,0.1,1.0,0.6309297535714575,0.5,True
e33ea6ff0b11ebeab376,0.1,1.0,0.5,0.3333333333333333,True
e346402fd89cfc2d2d14,0.1,1.0,1.0,1.0,True
e34d85c29c71ea144080,0.0,0.0,0.0,0.0,True
e3685166fef1c0ae36d5,0.0,0.0,0.0,0.0,True
e37432b9283477a70644,0.1,1.0,0.2890648263178879,0.1,True
e387ad0563836bb1ece4,0.0,0.0,0.0,0.0,True
e3fa58007d1feac5d845,0.0,0.0,0.0,0.0,True
e40d06c98d7fb23f1c6a,0.0,0.0,0.0,0.0,True
e41a25d378b738dbd743,0.0,0.0,0.0,0.0,True
e41d721ecf51040ad580,0.1,1.0,0.2890648263178879,0.1,True
e4332d7a21f83d8ea241,0.0,0.0,0.0,0.0,False
e43e72704f80105a22cc,0.1,1.0,0.6309297535714575,0.5,True
e4906e66c8839d621df2,0.0,0.0,0.0,0.0,True
e4dca237c3d5b65ab4e2,0.1,1.0,1.0,1.0,True
e4e7ab25bebcb9d158e0,0.0,0.0,0.0,0.0,True
e50c3fe26ba2a291b936,0.0,0.0,0.0,0.0,True
e519c6903932b67e0460,0.0,0.0,0.0,0.0,True
e56523dce0b52b2e9639,0.0,0.0,0.0,0.0,True
e59c508a4be04e9b3bbe,0.0,0.0,0.0,0.0,True
e5a38dbe02847adec908,0.0,0.0,0.0,0.0,True
e5e603b3aa3ed964cd92,0.0,0.0,0.0,0.0,True
e5f5d831431417db16c3,0.0,0.0,0.0,0.0,True
e623ff1e3d3535d84810,0.1,1.0,1.0,1.0,True
e64d2fb83367346152e6,0.0,0.0,0.0,0.0,True
e64f4718eeecc0a30397,0.0,0.0,0.0,0.0,True
e6661ad40e4bb2dffdc1,0.0,0.0,0.0,0.0,True
e66ee582c457ef767811,0.0,0.0,0.0,0.0,True
e671084e7112cf070dee,0.0,0.0,0.0,0.0,True
e6c08e513e417a953ea9,0.0,0.0,0.0,0.0,True
e6c66f76ba6a248835ca,0.0,0.0,0.0,0.0,True
e6c8e3c19259cbc61396,0.0,0.0,0.0,0.0,True
e70dc885c57b715b65c1,0.0,0.0,0.0,0.0,True
e71a1526ff685f255610,0.0,0.0,0.0,0.0,False
e71d0f5fa19e88f248fa,0.0,0.0,0.0,0.0,True
e72f582e6bf731f8f98f,0.1,1.0,0.31546487678572877,0.125,True
e734106778d476fc6b48,0.0,0.0,0.0,0.0,True
e735d128fca2403bdd27,0.0,0.0,0.0,0.0,True
e741f9bbec26556f33ed,0.0,0.0,0.0,0.0,True
e75aeedb740368c98363,0.0,0.0,0.0,0.0,True
e7627c496c4726622255,0.1,1.0,0.2890648263178879,0.1,True
e793ca276ed1aa4b19c4,0.0,0.0,0.0,0.0,True
e7b53e6e869082b0c657,0.0,0.0,0.0,0.0,True
e7c0ff61a8b06850d5a6,0.0,0.0,0.0,0.0,True
e7c7060a51c528644e27,0.0,0.0,0.0,0.0,True
e7cb56f716bdcb0f25e0,0.1,1.0,0.3333333333333333,0.14285714285714285,True
e7e68c0a650e739ac69f,0.0,0.0,0.0,0.0,True
e800682547cfeaacad3e,0.0,0.0,0.0,0.0,True
e81cebe6430c6490ce97,0.0,0.0,0.0,0.0,True
e81e0e4d154d91d541ec,0.0,0.0,0.0,0.0,True
e833edcec6930d217a9a,0.1,1.0,1.0,1.0,True
e85a20cc4ce60b46cb52,0.0,0.0,0.0,0.0,True
e89eda3b276209d02656,0.1,1.0,0.43067655807339306,0.25,True
e8be2db94025c91983e7,0.0,0.0,0.0,0.0,True
e8c62b998bcbb888aadb,0.0,0.0,0.0,0.0,True
e8d55ce134c5aef5b958,0.1,1.0,0.6309297535714575,0.5,True
e8d8e2eb28714a577da3,0.0,0.0,0.0,0.0,True
e8e16b8c1c01a033c10c,0.0,0.0,0.0,0.0,True
e90503efd6596c89c530,0.0,0.0,0.0,0.0,True
e907a27810f992a12753,0.0,0.0,0.0,0.0,True
e99004f37563b6ca153e,0.0,0.0,0.0,0.0,True
e99e3b1d79f274d4df0e,0.0,0.0,0.0,0.0,True
e9b6b0ae73199c26d1c6,0.0,0.0,0.0,0.0,True
e9d84b466ae0d6632ba4,0.0,0.0,0.0,0.0,True
ea35e415ba6e1cfd5cc4,0.1,1.0,1.0,1.0,True
ea38321809faa442edde,0.0,0.0,0.0,0.0,True
ea6ab622ed9d1a5efa87,0.0,0.0,0.0,0.0,True
ea6ec930ffb8207eb225,0.0,0.0,0.0,0.0,True
ea7013419228383f364c,0.0,0.0,0.0,0.0,True
eaa9f6006c30069a18f6,0.0,0.0,0.0,0.0,True
eac955f6b7916e5e3e42,0.0,0.0,0.0,0.0,True
ead61ac808469e9f44ad,0.0,0.0,0.0,0.0,True
eae1988d3f091d28c335,0.0,0.0,0.0,0.0,True
eafc7ab643f094b6710d,0.0,0.0,0.0,0.0,True
eb056a63e5956d6c5271,0.0,0.0,0.0,0.0,True
eb2c8672be707983b40b,0.0,0.0,0.0,0.0,True
eb4c22b515a613dcaef8,0.0,0.0,0.0,0.0,True
eb4f4ef88b994e3e2468,0.0,0.0,0.0,0.0,True
eb564e859a2097d48ee0,0.0,0.0,0.0,0.0,True
ebbb82cc426350eb772a,0.0,0.0,0.0,0.0,True
ebbfba00482f8b52dc96,0.1,1.0,0.3562071871080222,0.16666666666666666,True
ebf148da98a7232d7f0a,0.0,0.0,0.0,0.0,True
ec28482f87c015982fb1,0.0,0.0,0.0,0.0,True
ec582d96cc0bb6579d1c,0.1,1.0,0.6309297535714575,0.5,True
ec72559705457b06a7b6,0.0,0.0,0.0,0.0,True
ec780c9361331ec8f1e6,0.0,0.0,0.0,0.0,True
ecb4e85997ac6260be6c,0.0,0.0,0.0,0.0,True
ecb5bccc79593f9ee7a1,0.0,0.0,0.0,0.0,True
ecec6a6d843fd3bbb218,0.1,1.0,1.0,1.0,True
ed006d236b3c283a69ef,0.0,0.0,0.0,0.0,True
ed0a956749385b82d5e1,0.0,0.0,0.0,0.0,True
ed4b32ea24d3b8c45f5c,0.1,1.0,1.0,1.0,True
ed5e0ffdd4e13b973b9b,0.0,0.0,0.0,0.0,True
ed676b60152865944058,0.1,1.0,0.3333333333333333,0.14285714285714285,True
ed700ba4c2458d40a5de,0.0,0.0,0.0,0.0,True
ed8ddf208dd885523698,0.0,0.0,0.0,0.0,True
ed9c1956760e2d3441bb,0.0,0.0,0.0,0.0,True
edaf4d0ee273b1e45a45,0.0,0.0,0.0,0.0,True
edc00372389a0fe3e2d4,0.0,0.0,0.0,0.0,True
edd24604d1d303694769,0.0,0.0,0.0,0.0,True
edfa71bbf6148329ca7b,0.0,0.0,0.0,0.0,True
ee0d75eb87ac41754b8a,0.0,0.0,0.0,0.0,True
ee29a76520a59e616cf7,0.0,0.0,0.0,0.0,True
ee2f5e15fc490c70f8ff,0.0,0.0,0.0,0.0,True
ee43198dfd66923acc26,0.0,0.0,0.0,0.0,True
ee5973b1556661d606d0,0.0,0.0,0.0,0.0,True
ee620d8707ad6fe2c011,0.1,1.0,1.0,1.0,True
ee733f24865ab2161cce,0.0,0.0,0.0,0.0,True
ee799a671f8016714d09,0.0,0.0,0.0,0.0,True
ee8657d89d434a831da1,0.0,0.0,0.0,0.0,True
ef03bbf59d6a4455fb88,0.0,0.0,0.0,0.0,True
ef0ebb1c8f9f0e1c358a,0.0,0.0,0.0,0.0,True
ef190a6c1ab5b9df4cdc,0.0,0.0,0.0,0.0,True
ef1ee4dde3efc862eb28,0.1,1.0,0.38685280723454163,0.2,True
ef261b7cd5957d609ad7,0.0,0.0,0.0,0.0,True
ef28e80fcdff152b2c09,0.0,0.0,0.0,0.0,True
ef610bccd9c16e1d7eac,0.0,0.0,0.0,0.0,True
ef688575ad4a14910f76,0.0,0.0,0.0,0.0,True
ef77d2b6513c91365280,0.0,0.0,0.0,0.0,True
efa3765f818f452946aa,0.0,0.0,0.0,0.0,True
efd3102d45882dc15d8f,0.0,0.0,0.0,0.0,True
efdc6bee3f344fc19031,0.0,0.0,0.0,0.0,True
efebc6ce0876d567bc59,0.0,0.0,0.0,0.0,True
efec318efc5ba65c57b7,0.0,0.0,0.0,0.0,True
f008e1a950dd4014dd52,0.0,0.0,0.0,0.0,True
f02f10f27f7c020e4ada,0.0,0.0,0.0,0.0,True
f0338c5c763cc72cba60,0.0,0.0,0.0,0.0,False
f04f4e54a225ca2d1611,0.1,1.0,0.43067655807339306,0.25,True
f059e9162dd55b93b3d7,0.1,1.0,1.0,1.0,True
f0647c187e178d1346c7,0.0,0.0,0.0,0.0,True
f070d955523c8f1837dd,0.0,0.0,0.0,0.0,True
f088002bbf0255e63f67,0.0,0.0,0.0,0.0,True
f0952a5d511b50bc86f8,0.0,0.0,0.0,0.0,True
f0d629a695dd38b8302b,0.0,0.0,0.0,0.0,True
f0f4a4abeaf734308cd1,0.0,0.0,0.0,0.0,True
f13d20468510174373d2,0.0,0.0,0.0,0.0,True
f1a025a26cba19f618d0,0.0,0.0,0.0,0.0,True
f1a85b610ba28f9b2201,0.0,0.0,0.0,0.0,True
f1d20b7717bfd3c0710d,0.0,0.0,0.0,0.0,True
f1d33cdb03f3d2bd23b5,0.1,1.0,1.0,1.0,True
f1e11095ea3a2c051285,0.1,1.0,0.5,0.3333333333333333,True
f1fbae017f0e9c44a131,0.1,1.0,0.5,0.3333333333333333,True
f2126012e54abd6a3ea5,0.0,0.0,0.0,0.0,True
f228578f7c4ba4052e9c,0.0,0.0,0.0,0.0,True
f2535ba674ebf127d4bf,0.0,0.0,0.0,0.0,True
f2550dd26ee411795324,0.1,1.0,0.5,0.3333333333333333,True
f27cdfd2914d45c4028c,0.1,1.0,0.38685280723454163,0.2,True
f28195fb8fc771ee3617,0.0,0.0,0.0,0.0,True
f28d889ffdb4c9bde5dd,0.1,1.0,0.38685280723454163,0.2,True
f2bbd3c6d3fda82e51e4,0.1,1.0,0.6309297535714575,0.5,True
f2d3704b509ebc741f3d,0.0,0.0,0.0,0.0,True
f2d6b4219f7d6e0da26c,0.0,0.0,0.0,0.0,True
f3139066e3258c69a79f,0.0,0.0,0.0,0.0,True
f31a67a3732fcee508b8,0.0,0.0,0.0,0.0,False
f32a8ec2dd3c77fbb5f3,0.0,0.0,0.0,0.0,True
f32d1f4a5dabebba74e0,0.1,1.0,0.3562071871080222,0.16666666666666666,True
f3348a49995962048c90,0.0,0.0,0.0,0.0,True
f337090c5f00ea55d09a,0.0,0.0,0.0,0.0,True
f340d1c32b351d435314,0.1,1.0,0.5,0.3333333333333333,True
f362b7bb3712793499cd,0.1,1.0,0.3562071871080222,0.16666666666666666,True
f39e3e2804138f3b3522,0.1,1.0,0.43067655807339306,0.25,True
f3a842d4f71af3d4c11c,0.0,0.0,0.0,0.0,False
f3b25c3f60f60d318a13,0.1,1.0,0.38685280723454163,0.2,True
f3dfbceab56f5d052994,0.0,0.0,0.0,0.0,True
f3e74a4ae78362ce6814,0.0,0.0,0.0,0.0,True
f3f97b8626067e89da26,0.0,0.0,0.0,0.0,True
f3fc16ae8bbe42999976,0.0,0.0,0.0,0.0,True
f40b6fdff58aecef7794,0.1,1.0,0.43067655807339306,0.25,True
f42888e87690c273d637,0.0,0.0,0.0,0.0,True
f4339529bb1683229c13,0.0,0.0,0.0,0.0,True
f4344a7778c9483d6fbf,0.0,0.0,0.0,0.0,True
f4383575d16f86269915,0.0,0.0,0.0,0.0,True
f442a2e074e59c6d13e7,0.0,0.0,0.0,0.0,False
f452a269913e487689f6,0.0,0.0,0.0,0.0,True
f459a501e4f58c461417,0.0,0.0,0.0,0.0,True
f46dd45b7960a9138beb,0.0,0.0,0.0,0.0,True
f47fda2cd8f2cfa89037,0.0,0.0,0.0,0.0,True
f49fff0c9d623694dae7,0.0,0.0,0.0,0.0,True
f4a0a52dff01f315fa5e,0.1,1.0,0.3333333333333333,0.14285714285714285,True
f4a1e4ecfa7db84b9730,0.0,0.0,0.0,0.0,True
f4afe9ea9626f2655a32,0.0,0.0,0.0,0.0,True
f4c7bfb1b7251b8c715c,0.0,0.0,0.0,0.0,True
f4d94b485da6af82bf73,0.0,0.0,0.0,0.0,True
f50bc7ad1383a3f0bcd1,0.0,0.0,0.0,0.0,True
f53c8e9a2aa87dfd99b3,0.0,0.0,0.0,0.0,True
f53d052af3fbc10b4707,0.0,0.0,0.0,0.0,True
f5471ac87b17f58210c2,0.0,0.0,0.0,0.0,True
f558ba06ae5e06acb851,0.0,0.0,0.0,0.0,True
f55fcbde025b6bf9f0c9,0.0,0.0,0.0,0.0,True
f56ece314fb43f354975,0.1,1.0,0.6309297535714575,0.5,True
f56fc5f9870d4b72e0d9,0.0,0.0,0.0,0.0,True
f5711b0b09dd0d4e2d7d,0.1,1.0,0.6309297535714575,0.5,True
f5e674a52c8fdc22e2db,0.1,1.0,0.38685280723454163,0.2,True
f5ebf500e4f7ebfc3878,0.1,1.0,1.0,1.0,True
f5f1535989973e62507b,0.1,1.0,0.38685280723454163,0.2,True
f6070b5be21e7b52e0e0,0.1,1.0,1.0,1.0,True
f612b48dd1fbe78fbce5,0.0,0.0,0.0,0.0,True
f636988745f133df1e18,0.0,0.0,0.0,0.0,True
f652b94258a4eed7b0e7,0.0,0.0,0.0,0.0,True
f654dc44096f7ae77923,0.0,0.0,0.0,0.0,True
f68473a15b1ce0443f21,0.0,0.0,0.0,0.0,True
f684d3733d85262559df,0.0,0.0,0.0,0.0,True
f68973316154d3f9ff3a,0.1,1.0,0.31546487678572877,0.125,True
f6a226a97b4bfb6cefc8,0.0,0.0,0.0,0.0,True
f6aff30ae4d92862b596,0.0,0.0,0.0,0.0,True
f725866e83a1ab57ac90,0.0,0.0,0.0,0.0,True
f72ed47daf668f15197b,0.0,0.0,0.0,0.0,True
f73aa51d8fb490e668b1,0.0,0.0,0.0,0.0,True
f740828b786f7b5f0150,0.0,0.0,0.0,0.0,True
f74a99d783316078f11b,0.1,1.0,0.43067655807339306,0.25,True
f7524f5d98913832b835,0.0,0.0,0.0,0.0,True
f76f8340e6610be3cd1a,0.0,0.0,0.0,0.0,True
f77702df1adf79fdc2b5,0.0,0.0,0.0,0.0,True
f7a5ce500f7246d31ad4,0.0,0.0,0.0,0.0,True
f7cf6f684169ce598310,0.0,0.0,0.0,0.0,True
f7fd4e18252b1ea6cd51,0.1,1.0,0.43067655807339306,0.25,True
f800d4b026aafedbb136,0.0,0.0,0.0,0.0,True
f818cf79fc0e0a0f2955,0.0,0.0,0.0,0.0,True
f821a7ac3c47a7d199d0,0.0,0.0,0.0,0.0,True
f835eb3ada15bbc87edd,0.0,0.0,0.0,0.0,True
f84a141be218a84eca5d,0.0,0.0,0.0,0.0,True
f8690f60c418093e0a2c,0.0,0.0,0.0,0.0,True
f87c5c5c7dbc707257e3,0.0,0.0,0.0,0.0,True
f8a12d37d87c0e488222,0.0,0.0,0.0,0.0,True
f8b43780f0725aa07a08,0.0,0.0,0.0,0.0,True
f8b4dc73cadceb56af13,0.0,0.0,0.0,0.0,False
f9019d91eb06dbac6359,0.1,1.0,1.0,1.0,True
f902ab2d3ab1bbbd920a,0.0,0.0,0.0,0.0,True
f90c70472aa7fbde82f8,0.1,1.0,0.6309297535714575,0.5,True
f95cb80117db03656346,0.0,0.0,0.0,0.0,True
f967ea449984ef7fbb57,0.1,1.0,0.3333333333333333,0.14285714285714285,True
f96ca7ecd530456e5bfc,0.0,0.0,0.0,0.0,True
f96faa329bc2a71c28ef,0.0,0.0,0.0,0.0,True
f9860b9a6a0c068d8dd7,0.0,0.0,0.0,0.0,True
f9a0073977ce92b566e2,0.0,0.0,0.0,0.0,True
f9c8e10aad88a0d8ccce,0.0,0.0,0.0,0.0,True
f9f6d9eb284663c8ebce,0.0,0.0,0.0,0.0,True
fa308f3e075505795d70,0.0,0.0,0.0,0.0,True
fa3abc01a69af9ea6d87,0.0,0.0,0.0,0.0,True
fa4a99ceb5a09a2b8714,0.0,0.0,0.0,0.0,True
fa5586ef0edbaa8de853,0.1,1.0,1.0,1.0,True
fa768d4654744f1082e7,0.1,1.0,0.38685280723454163,0.2,True
fa7dbb30802894057c85,0.0,0.0,0.0,0.0,True
faa3ceebe741d36aeab6,0.0,0.0,0.0,0.0,True
fabf1f9ff0a84ea03bbb,0.0,0.0,0.0,0.0,True
fad7fbcc304381681902,0.0,0.0,0.0,0.0,True
faf2bb3451373384be02,0.0,0.0,0.0,0.0,True
fb00d0eb2dc000b5afc5,0.0,0.0,0.0,0.0,True
fb075942ae251d33dd51,0.0,0.0,0.0,0.0,True
fb223b840217826357f3,0.0,0.0,0.0,0.0,False
fb2491463fa91525a346,0.0,0.0,0.0,0.0,True
fb5ff3ef8e9913601b56,0.1,1.0,0.43067655807339306,0.25,True
fba563a5b59ebcd20345,0.0,0.0,0.0,0.0,True
fbae1dae913375bdbac0,0.0,0.0,0.0,0.0,True
fbc8d071c84850484cf5,0.0,0.0,0.0,0.0,True
fc0acddea67514033a2b,0.0,0.0,0.0,0.0,True
fc183d762975b9ebe1e4,0.1,1.0,0.38685280723454163,0.2,True
fc3389cee3748cefe869,0.0,0.0,0.0,0.0,True
fc486f56b3f87ea71cfa,0.0,0.0,0.0,0.0,True
fc563e686a7dc99f799f,0.0,0.0,0.0,0.0,True
fc76433634d31adc301e,0.0,0.0,0.0,0.0,True
fc8c0f90ee27aa1c1d5c,0.0,0.0,0.0,0.0,True
fcd00cf3bfbc322595c6,0.0,0.0,0.0,0.0,True
fcddd1309b2ea1eb26e7,0.1,1.0,1.0,1.0,True
fd138f6069c5d0e5ab1f,0.0,0.0,0.0,0.0,True
fd2648854423a0fc5bd1,0.0,0.0,0.0,0.0,True
fd5894274648c5f62172,0.0,0.0,0.0,0.0,True
fd6a0cbf45dead43db5c,0.0,0.0,0.0,0.0,True
fd712dca156d95ee2d98,0.0,0.0,0.0,0.0,True
fd79735de76d9ef6f985,0.0,0.0,0.0,0.0,True
fd854caed8286617c08b,0.0,0.0,0.0,0.0,True
fda96b09f9b96544597e,0.1,1.0,1.0,1.0,True
fe14fc0811271a9c175a,0.0,0.0,0.0,0.0,True
fe2e458fbeb3a6e266a8,0.0,0.0,0.0,0.0,False
fe4f853062238a5cf714,0.0,0.0,0.0,0.0,True
fe552697e2d4bfcdb30a,0.0,0.0,0.0,0.0,True
fe6b09c267b2eb3796af,0.0,0.0,0.0,0.0,False
fe76f5f3c2930f70c146,0.1,1.0,0.38685280723454163,0.2,True
fe8627ebdf0b5dd98f54,0.0,0.0,0.0,0.0,True
fe9959a64c4c9cfb7956,0.0,0.0,0.0,0.0,True
feaec05acdd7f4b123a1,0.0,0.0,0.0,0.0,False
feb6fb11f4791f29bdee,0.0,0.0,0.0,0.0,True
fece70f3f1a67d7c4d54,0.0,0.0,0.0,0.0,True
fecef3e3fed1058447a1,0.1,1.0,0.3562071871080222,0.16666666666666666,True
fed4b847c4cc1b603b01,0.0,0.0,0.0,0.0,True
fee00367d0264ff4d489,0.0,0.0,0.0,0.0,True
ff0531930972386cc5ab,0.0,0.0,0.0,0.0,True
ff10a084ffe7fb164507,0.0,0.0,0.0,0.0,True
ff124ebd38d97ef7f2b7,0.0,0.0,0.0,0.0,True
ff476b16ec8e9c1c8a18,0.0,0.0,0.0,0.0,True
ff4a097b3da2cfed1cc0,0.1,1.0,0.6309297535714575,0.5,True
ff55a0f1426ebc034f84,0.0,0.0,0.0,0.0,True
ff57a3bf5ec81302b4aa,0.0,0.0,0.0,0.0,True
ff61410d73c91b25b314,0.1,1.0,0.3562071871080222,0.16666666666666666,True
ff660d6f8466c6e11e96,0.0,0.0,0.0,0.0,True
ff7a584366dd77ff2804,0.0,0.0,0.0,0.0,True
ff84ad584145ca2815b8,0.0,0.0,0.0,0.0,True
ffc2cb4fd1995def5933,0.0,0.0,0.0,0.0,True
